SHA256	BYTES	PATH	URL
0c1b933369fdc32dead64ac9e4b671bd91e6b5d2f1da92e3c4c5c26f615aa41f	219553	index.html	https://landonorris.com/
22e302b4a094b80f11f30a1b8fed8e5871c31083e3962f14a8ea9e065e1954ec	74685	404.html	https://landonorris.com/404-page-not-found
827cbf3046f17101bfda06bf359eec954c997ff641cba0312917de53d052df29	290853	on-track/index.html	https://landonorris.com/on-track
0e773b28bf9e0bbe49514cc65a82c80739737b3b37fa60fb8840a01d43c2cacc	127393	off-track/index.html	https://landonorris.com/off-track
22e302b4a094b80f11f30a1b8fed8e5871c31083e3962f14a8ea9e065e1954ec	74685	partnerships/index.html	https://landonorris.com/partnerships
bcc391db8bd3021ac0cbf713f70dfd215d8824c67cf5f9af6bc45a4348833b71	857877	calendar/index.html	https://landonorris.com/calendar
05d4611c3ee22aa231d86c20863d316efac330eaaec34329efd3e0e4b422d26b	85085	legal/privacy-policy/index.html	https://landonorris.com/legal/privacy-policy
e131f8052771e77c4dff0fc40cce408723bd72773e26226e6a95e8a33f53ce93	93289	legal/terms-conditions/index.html	https://landonorris.com/legal/terms-conditions
11cdda6fbe61e9bc1b868f474627489663878a2874f2d15aa773a397fba4e44e	1323177	assets/lando.itsoffbrand.io/dev-js/lando.OFF+BRAND.gold-android-fix-03.js	https://lando.itsoffbrand.io/dev-js/lando.OFF+BRAND.gold-android-fix-03.js
c28c06ad6e0f659427f9a2f13ca30b5b84b1f060be713d71e0810c629e124c3c	580	assets/cdn.prod.website-files.com/67b5a02dc5d338960b17a7e9/67b5a0969616f526f020ec0e_ln-favicon.png	https://cdn.prod.website-files.com/67b5a02dc5d338960b17a7e9/67b5a0969616f526f020ec0e_ln-favicon.png
85d7dd50def03e34d2a5cde052043b488da17ab89bb980fc3c853d0b85e97503	1323639	assets/lando.itsoffbrand.io/dev-js/lando.OFF+BRAND.js	https://lando.itsoffbrand.io/dev-js/lando.OFF+BRAND.js
720df19143275f237d175e2be3cfcc4aff2dedb80bcf7189a6e349b3749d5ac3	2912	assets/cdn.prod.website-files.com/67b5a02dc5d338960b17a7e9/67b5a098cbef46b41e40dfd2_ln-webclip.png	https://cdn.prod.website-files.com/67b5a02dc5d338960b17a7e9/67b5a098cbef46b41e40dfd2_ln-webclip.png
52ad5a73c314291ba7fff7fd98faabba166d84ca9c7d29164acfb9f4ba9f7540	25890	assets/cdn.prod.website-files.com/67b5a02dc5d338960b17a7e9/68eb91477bcf3ee7d055ab45_lando-OpenGraph.webp	https://cdn.prod.website-files.com/67b5a02dc5d338960b17a7e9/68eb91477bcf3ee7d055ab45_lando-OpenGraph.webp
c218abd0369c5d5c9b5a826ac11bcb4f364771a8503a443c1a9ff90c8c1b89fe	187923	assets/cdn.prod.website-files.com/67b5a02dc5d338960b17a7e9/css/lando-offbrand.shared.043b62fef.css	https://cdn.prod.website-files.com/67b5a02dc5d338960b17a7e9/css/lando-offbrand.shared.043b62fef.css
0e291506215a0e8d63b89f57cae9075c81e56136c66d6e3d4b7648c8aa5f5988	186727	assets/cdn.prod.website-files.com/67b5a02dc5d338960b17a7e9/css/lando-offbrand.shared.4f53262f0.css	https://cdn.prod.website-files.com/67b5a02dc5d338960b17a7e9/css/lando-offbrand.shared.4f53262f0.css
41c28bc7fba38663ec7967348456f0a81f8f799ec65f9b9c382c192bd8525e7d	1309	assets/cdn.prod.website-files.com/67b5a02dc5d338960b17a7e9/67d2dd47cfe84bed1dce9542_ln4-footer-mask-desktop.svg	https://cdn.prod.website-files.com/67b5a02dc5d338960b17a7e9/67d2dd47cfe84bed1dce9542_ln4-footer-mask-desktop.svg
ab4479c096fa1a7cd72e4f948252dcf9240eba6d4b80a17e31d99e2a9e942f31	1477	assets/cdn.prod.website-files.com/67b5a02dc5d338960b17a7e9/67e4213817c888515fa4855b_ln4-footer-mask-mobile.svg	https://cdn.prod.website-files.com/67b5a02dc5d338960b17a7e9/67e4213817c888515fa4855b_ln4-footer-mask-mobile.svg
21dba5cedbdb0bc53ac3de7d7a70bdfe6e4653a1a2d5afcc4618e04f850cd927	403	assets/cdn.prod.website-files.com/67b5a02dc5d338960b17a7e9/67e2c781c4c953cd9e74eda5_ln4-2-helm-mask-fill.svg	https://cdn.prod.website-files.com/67b5a02dc5d338960b17a7e9/67e2c781c4c953cd9e74eda5_ln4-2-helm-mask-fill.svg
f7702faeb67a57dadf51024dc72f1d6d1cd2b47db2c958ebe3ed91770656fcd0	435	assets/cdn.prod.website-files.com/67b5a02dc5d338960b17a7e9/67eea130c0f25ef68ac8889e_ln4-helm-mob-refactor-lime-fill.svg	https://cdn.prod.website-files.com/67b5a02dc5d338960b17a7e9/67eea130c0f25ef68ac8889e_ln4-helm-mob-refactor-lime-fill.svg
975f8d7f39660c61660990537ab7055db024d9dc6b7cce17b618101e53c4dd04	245	assets/cdn.prod.website-files.com/67b5a02dc5d338960b17a7e9/67d86a1dced2fe748052517c_on-t-hero-stats-ui-box1-fill-c.svg	https://cdn.prod.website-files.com/67b5a02dc5d338960b17a7e9/67d86a1dced2fe748052517c_on-t-hero-stats-ui-box1-fill-c.svg
8c2ec42bdb7a0c8e9faa43308db6f8989b9e52decef0cf67a1d032e2a46bf18c	517	assets/cdn.prod.website-files.com/67b5a02dc5d338960b17a7e9/67d9a2eb367e13f117c827e5_ln-calendar-track-mask.svg	https://cdn.prod.website-files.com/67b5a02dc5d338960b17a7e9/67d9a2eb367e13f117c827e5_ln-calendar-track-mask.svg
61e75c1b1ec82fed2fa86d1d00b54d6487854ef171dcf78e07bbdbaf2a3e4d5e	382	assets/cdn.prod.website-files.com/67b5a02dc5d338960b17a7e9/67dc3bc1e532f9b3f9fa140a_ln4-off-track-mask-case-left.svg	https://cdn.prod.website-files.com/67b5a02dc5d338960b17a7e9/67dc3bc1e532f9b3f9fa140a_ln4-off-track-mask-case-left.svg
ab482a48992e9e3431c69ff5489f99b92975e0185d6d7cbcb4bfdb80c21ce47e	390	assets/cdn.prod.website-files.com/67b5a02dc5d338960b17a7e9/67dc3bc10751fc4431f3f2de_ln4-off-track-mask-case-right.svg	https://cdn.prod.website-files.com/67b5a02dc5d338960b17a7e9/67dc3bc10751fc4431f3f2de_ln4-off-track-mask-case-right.svg
bd4a9feee03cefcea4b9dc172dc313b84c2d62a7b00ae4537f208cc0913b44e4	396	assets/cdn.prod.website-files.com/67b5a02dc5d338960b17a7e9/67dc3bc14c14c40132cd0e39_ln4-off-track-mask-callout-right.svg	https://cdn.prod.website-files.com/67b5a02dc5d338960b17a7e9/67dc3bc14c14c40132cd0e39_ln4-off-track-mask-callout-right.svg
24da2ddc7d95aa84af348e45f845d05470500427622d9fa6e36f35be5f4063bd	390	assets/cdn.prod.website-files.com/67b5a02dc5d338960b17a7e9/67dc3bc14a8d101c9c8ef1b5_ln4-off-track-mask-callout-left.svg	https://cdn.prod.website-files.com/67b5a02dc5d338960b17a7e9/67dc3bc14a8d101c9c8ef1b5_ln4-off-track-mask-callout-left.svg
8d01002da5d3586ba4c703d45d87c691d6e644c59f024bc7fd0be0413b49d9c8	27912	assets/cdn.prod.website-files.com/67b5a02dc5d338960b17a7e9/67dae5827466101f6aca77eb_ln4-menu-img-3.webp	https://cdn.prod.website-files.com/67b5a02dc5d338960b17a7e9/67dae5827466101f6aca77eb_ln4-menu-img-3.webp
2cdcb7cd05a8a06533c825e0977ae3e1e32de4530125e418f426c35127a9fa93	17292	assets/cdn.prod.website-files.com/67b5a02dc5d338960b17a7e9/67dae5827466101f6aca77eb_ln4-menu-img-3-p-500.webp	https://cdn.prod.website-files.com/67b5a02dc5d338960b17a7e9/67dae5827466101f6aca77eb_ln4-menu-img-3-p-500.webp
28739607709f7186f0fd2994cd84cf8450352d097b1c76efacd28bcce71e1981	42648	assets/cdn.prod.website-files.com/67b5a02dc5d338960b17a7e9/67dae5835c0649927438ae19_ln4-menu-img-1.webp	https://cdn.prod.website-files.com/67b5a02dc5d338960b17a7e9/67dae5835c0649927438ae19_ln4-menu-img-1.webp
a2ab5c203e0372c86c5ad9d789468edbca32f89034100009ac6f562304ce2416	27604	assets/cdn.prod.website-files.com/67b5a02dc5d338960b17a7e9/67dae5835c0649927438ae19_ln4-menu-img-1-p-500.webp	https://cdn.prod.website-files.com/67b5a02dc5d338960b17a7e9/67dae5835c0649927438ae19_ln4-menu-img-1-p-500.webp
57ff2c23dc28f3682e7908a0b2ed338fb4b594ebc8f8df51cb8af9ab8317a0ea	39880	assets/cdn.prod.website-files.com/67b5a02dc5d338960b17a7e9/67dae5829bee1b4a7b936935_ln4-menu-img-2.webp	https://cdn.prod.website-files.com/67b5a02dc5d338960b17a7e9/67dae5829bee1b4a7b936935_ln4-menu-img-2.webp
afdcff2c5bb64b145448d5c8a78869c501a767502559287ce5c214f82344a615	39476	assets/cdn.prod.website-files.com/67b5a02dc5d338960b17a7e9/67dae5824cc4245e1e6cf501_ln4-menu-img-5.webp	https://cdn.prod.website-files.com/67b5a02dc5d338960b17a7e9/67dae5824cc4245e1e6cf501_ln4-menu-img-5.webp
718657cbee16d119deda7d63c2fcc1a55e102425b31d759fd7e86a2dceed6688	24860	assets/cdn.prod.website-files.com/67b5a02dc5d338960b17a7e9/67dae5829bee1b4a7b936935_ln4-menu-img-2-p-500.webp	https://cdn.prod.website-files.com/67b5a02dc5d338960b17a7e9/67dae5829bee1b4a7b936935_ln4-menu-img-2-p-500.webp
e3a7e499619b557ea4b4d6a2321210e555867f61552177d986e7657537d909f1	25056	assets/cdn.prod.website-files.com/67b5a02dc5d338960b17a7e9/67dae5824cc4245e1e6cf501_ln4-menu-img-5-p-500.webp	https://cdn.prod.website-files.com/67b5a02dc5d338960b17a7e9/67dae5824cc4245e1e6cf501_ln4-menu-img-5-p-500.webp
52f3e253a5876e322a6915bc76994cff456f024931c7ae97001b238bb7654858	37342	assets/cdn.prod.website-files.com/67b5a02dc5d338960b17a7e9/67dae582f6abf54adb515c73_ln4-menu-img-4.webp	https://cdn.prod.website-files.com/67b5a02dc5d338960b17a7e9/67dae582f6abf54adb515c73_ln4-menu-img-4.webp
f50ef70526dca863d21b24c8c9e6dc0dfd0286955a808d4c8d54a18726775a7c	8839	assets/cdn.prod.website-files.com/67b5a02dc5d338960b17a7e9/67e968a40345883f8ccc1b05_ln4-lando-norris-text-mobile.svg	https://cdn.prod.website-files.com/67b5a02dc5d338960b17a7e9/67e968a40345883f8ccc1b05_ln4-lando-norris-text-mobile.svg
f787e39945e1a8a8d8c17ac7a4d1ecd6931905ee619dd8bd8e9d6022c742ad22	1965	assets/cdn.prod.website-files.com/67b5a02dc5d338960b17a7e9/67f517cdc5bb460c3c3b8e5b_ln4-LN-logo-svg.svg	https://cdn.prod.website-files.com/67b5a02dc5d338960b17a7e9/67f517cdc5bb460c3c3b8e5b_ln4-LN-logo-svg.svg
312fcaf2ba4c20719a6e35d4ab953bafe7b99f8c261ccd39d31385dd4d05a925	11117	assets/cdn.prod.website-files.com/67b5a02dc5d338960b17a7e9/67cecea4e9d311047dcb51e5_ln4-hw-signature2.svg	https://cdn.prod.website-files.com/67b5a02dc5d338960b17a7e9/67cecea4e9d311047dcb51e5_ln4-hw-signature2.svg
f6bf48c1429a61813ca9ce7fa91839494bacff8035e5360a0fd435c92068b574	15216	assets/static.klaviyo.com/onsite/js/klaviyo@@company_id=XWvzdS.js	https://static.klaviyo.com/onsite/js/klaviyo.js?company_id=XWvzdS
fa2a061b769672227d6c624a546c33e31a09d3009908cb450220c5cbce0015e5	50872	assets/cdn.prod.website-files.com/67b5a02dc5d338960b17a7e9/68302baa04b14a1ca33c0b25_ln-home-horiz-1.webp	https://cdn.prod.website-files.com/67b5a02dc5d338960b17a7e9/68302baa04b14a1ca33c0b25_ln-home-horiz-1.webp
ae60eb728826e80fae6429df4fde37b9da5b3de9860ecdfa3bb1ccbd190c01e6	14186	assets/cdn.prod.website-files.com/67b5a02dc5d338960b17a7e9/68302baab12220595c8223b3_ln-home-horiz-2-p-500.webp	https://cdn.prod.website-files.com/67b5a02dc5d338960b17a7e9/68302baab12220595c8223b3_ln-home-horiz-2-p-500.webp
dfce0e2a5d211c917b671841e9a4187bd98546be2bd89372b69e33e690113127	20400	assets/cdn.prod.website-files.com/67b5a02dc5d338960b17a7e9/68302baab12220595c8223b3_ln-home-horiz-2.webp	https://cdn.prod.website-files.com/67b5a02dc5d338960b17a7e9/68302baab12220595c8223b3_ln-home-horiz-2.webp
e417f0d4bb16330a45993f60c3f460e1d2959f1ad94d816c6f6c89a734b92e7e	30718	assets/cdn.prod.website-files.com/67b5a02dc5d338960b17a7e9/68302baa04b14a1ca33c0b25_ln-home-horiz-1-p-500.webp	https://cdn.prod.website-files.com/67b5a02dc5d338960b17a7e9/68302baa04b14a1ca33c0b25_ln-home-horiz-1-p-500.webp
85d4469e14d9e5aa19f716aa13f562fa7f250169eb63272dea140bdd21677e47	1457237	assets/assets.itsoffbrand.io/lando/dev-js/lando-by-OFF+BRAND.js	https://assets.itsoffbrand.io/lando/dev-js/lando-by-OFF+BRAND.js
fedd0ff10b7b0b481260e27650fb18a0b8dab58456506cfdf1e693017fb0310e	21650	assets/cdn.prod.website-files.com/67b5a02dc5d338960b17a7e9/67dae582f6abf54adb515c73_ln4-menu-img-4-p-500.webp	https://cdn.prod.website-files.com/67b5a02dc5d338960b17a7e9/67dae582f6abf54adb515c73_ln4-menu-img-4-p-500.webp
6b60ee6ccc7b1b272b27323b901b4751f48638dba1ff59a4b9b9b8a1361b0570	21564	assets/cdn.prod.website-files.com/67b5a02dc5d338960b17a7e9/68302babcf12f0111d96322e_ln-home-horiz-3-p-500.webp	https://cdn.prod.website-files.com/67b5a02dc5d338960b17a7e9/68302babcf12f0111d96322e_ln-home-horiz-3-p-500.webp
20fbd98bd211a896473b1e9903ef0488d8a7109ede410b7781ad6a418f2fa088	38110	assets/cdn.prod.website-files.com/67b5a02dc5d338960b17a7e9/68302babcf12f0111d96322e_ln-home-horiz-3-p-800.webp	https://cdn.prod.website-files.com/67b5a02dc5d338960b17a7e9/68302babcf12f0111d96322e_ln-home-horiz-3-p-800.webp
03bda3db69b988b1b96ac7c854125d89974aa836eda01c96c4b39e01054670db	83828	assets/cdn.prod.website-files.com/67b5a02dc5d338960b17a7e9/68302babcf12f0111d96322e_ln-home-horiz-3.webp	https://cdn.prod.website-files.com/67b5a02dc5d338960b17a7e9/68302babcf12f0111d96322e_ln-home-horiz-3.webp
f53c55fdc5095141afff611ef10578c36b2fa3cc69e5270735b8607b06069d19	16258	assets/cdn.prod.website-files.com/67b5a02dc5d338960b17a7e9/68302baa798e2cc6e02ac38a_ln-home-horiz-4.webp	https://cdn.prod.website-files.com/67b5a02dc5d338960b17a7e9/68302baa798e2cc6e02ac38a_ln-home-horiz-4.webp
84b1e7feb6a5b7c0f0082c9f2508ab95f34dcb16f5aa7bb72738b96d6d99e331	56996	assets/cdn.prod.website-files.com/67b5a02dc5d338960b17a7e9/68302babcf12f0111d96322e_ln-home-horiz-3-p-1080.webp	https://cdn.prod.website-files.com/67b5a02dc5d338960b17a7e9/68302babcf12f0111d96322e_ln-home-horiz-3-p-1080.webp
83d4c39011b8a7fa21225d612ea509ed1d92c8ed76551eec36fa9fa43d79c833	2815	assets/cdn.prod.website-files.com/67b5a02dc5d338960b17a7e9/680cbcfdbc4bdc0ef619369f_ln-icon-crossed-flags2.svg	https://cdn.prod.website-files.com/67b5a02dc5d338960b17a7e9/680cbcfdbc4bdc0ef619369f_ln-icon-crossed-flags2.svg
714687095d084ffb8c756bd527fc0b1473de269bd011064b5fd8e91f197c6daf	6760	assets/cdn.prod.website-files.com/67b5a02dc5d338960b17a7e9/68302bab3ee6e26b1f434a7d_ln-home-horiz-7.webp	https://cdn.prod.website-files.com/67b5a02dc5d338960b17a7e9/68302bab3ee6e26b1f434a7d_ln-home-horiz-7.webp
1d0ef3f3e365180de46dec5009f70fa532d097c0e7f1c70eddf86f40ed07cb82	31944	assets/cdn.prod.website-files.com/67b5a02dc5d338960b17a7e9/68302baa14a96f3cdd2f9a95_ln-home-horiz-6.webp	https://cdn.prod.website-files.com/67b5a02dc5d338960b17a7e9/68302baa14a96f3cdd2f9a95_ln-home-horiz-6.webp
68bbeb9370fc33df88381c618939f8acaa0abab2f43dda0d3a119f27c4112891	21558	assets/cdn.prod.website-files.com/67b5a02dc5d338960b17a7e9/68302baa14a96f3cdd2f9a95_ln-home-horiz-6-p-500.webp	https://cdn.prod.website-files.com/67b5a02dc5d338960b17a7e9/68302baa14a96f3cdd2f9a95_ln-home-horiz-6-p-500.webp
2b1cc6c10f20ab407f8ce25dd74a1168ad0d713b6cf7db8c003ddad4806f5d4f	28830	assets/cdn.prod.website-files.com/67b5a02dc5d338960b17a7e9/68da85d632bfefc552a0faac_Britain-25 (1).webp	https://cdn.prod.website-files.com/67b5a02dc5d338960b17a7e9/68da85d632bfefc552a0faac_Britain-25%20(1).webp
2972ed16bef08d47eefa5039920c99c6fddc0f3d45084db9bb0084360ec6b9aa	14636	assets/cdn.prod.website-files.com/67b5a02dc5d338960b17a7e9/68302baaedf821dd2e3a7c74_ln-home-horiz-8-p-500.webp	https://cdn.prod.website-files.com/67b5a02dc5d338960b17a7e9/68302baaedf821dd2e3a7c74_ln-home-horiz-8-p-500.webp
ea590a03fdb8ea5f57a35d6f08a12576cd6cf60a1fd7b584bb08dfff74c24668	67010	assets/cdn.prod.website-files.com/67b5a02dc5d338960b17a7e9/68302baaedf821dd2e3a7c74_ln-home-horiz-8.webp	https://cdn.prod.website-files.com/67b5a02dc5d338960b17a7e9/68302baaedf821dd2e3a7c74_ln-home-horiz-8.webp
9a9545e858d36dbc929e861c515f79cdadf07060f2763a3fe27a878ba2e2ea7d	106783	assets/assets.itsoffbrand.io/lando/dev-js/transitions-rive-isolate.js	https://assets.itsoffbrand.io/lando/dev-js/transitions-rive-isolate.js
fe6f2cedb71551aee84ef88f79d76432c707540d120365312be1a78eb27b0e7f	3828	assets/cdn.prod.website-files.com/67b5a02dc5d338960b17a7e9/67e7eeaf67d51519b546828d_ln4-signature-dark-green.webp	https://cdn.prod.website-files.com/67b5a02dc5d338960b17a7e9/67e7eeaf67d51519b546828d_ln4-signature-dark-green.webp
ddfa7e502f7a1dfcef2e01bda1f03b3961b9d52c03554b05359497cbcd495400	41158	assets/cdn.prod.website-files.com/67b5a02dc5d338960b17a7e9/68302baaedf821dd2e3a7c74_ln-home-horiz-8-p-1080.webp	https://cdn.prod.website-files.com/67b5a02dc5d338960b17a7e9/68302baaedf821dd2e3a7c74_ln-home-horiz-8-p-1080.webp
3c118dfbb785c120db5326d3636d314eb008a49a379d7af385ea0a12bc16d6ed	27296	assets/cdn.prod.website-files.com/67b5a02dc5d338960b17a7e9/68302baaedf821dd2e3a7c74_ln-home-horiz-8-p-800.webp	https://cdn.prod.website-files.com/67b5a02dc5d338960b17a7e9/68302baaedf821dd2e3a7c74_ln-home-horiz-8-p-800.webp
6ed9e999ee85e86c1e5ed5fdec58ae5aff6e1c66cc6fd09fea9702657e5dca1b	54580	assets/cdn.prod.website-files.com/67b5a02dc5d338960b17a7e9/68302babb87c5f19ec131093_ln-home-horiz-9.webp	https://cdn.prod.website-files.com/67b5a02dc5d338960b17a7e9/68302babb87c5f19ec131093_ln-home-horiz-9.webp
80254ecea71e8e14225804ab32de28533c409ffb67b85f90e3ac6b5d110c0cb1	17792	assets/cdn.prod.website-files.com/67b5a02dc5d338960b17a7e9/68302bab4f762cdbc5e93415_ln-home-horiz-10.webp	https://cdn.prod.website-files.com/67b5a02dc5d338960b17a7e9/68302bab4f762cdbc5e93415_ln-home-horiz-10.webp
3fee336c52c0b9f7c948066643119b35be7408c345983a4d61323f6ce52b39e8	32390	assets/cdn.prod.website-files.com/67b5a02dc5d338960b17a7e9/68302babb87c5f19ec131093_ln-home-horiz-9-p-500.webp	https://cdn.prod.website-files.com/67b5a02dc5d338960b17a7e9/68302babb87c5f19ec131093_ln-home-horiz-9-p-500.webp
e4f176324f0b89ea6df697a8e761ce8b6d1f7c2f130195989b02c8a9afadf748	66522	assets/cdn.prod.website-files.com/67b5a02dc5d338960b17a7e9/67d18655b032045a4dc78e53_ln4-hp-lando-helmet-p-500.webp	https://cdn.prod.website-files.com/67b5a02dc5d338960b17a7e9/67d18655b032045a4dc78e53_ln4-hp-lando-helmet-p-500.webp
a7eac44ae59a054fc0acf23a34df4eb097e64e12ae63046ee7eeedb6f123d4a6	101974	assets/cdn.prod.website-files.com/67b5a02dc5d338960b17a7e9/67d18655b032045a4dc78e53_ln4-hp-lando-helmet.webp	https://cdn.prod.website-files.com/67b5a02dc5d338960b17a7e9/67d18655b032045a4dc78e53_ln4-hp-lando-helmet.webp
d5e68f63b79b09c495081f784729622b13fb830fb1c11dc71a16b2dd9b25c45a	14396	assets/cdn.prod.website-files.com/67b5a02dc5d338960b17a7e9/68302baa798e2cc6e02ac38a_ln-home-horiz-4-p-500.webp	https://cdn.prod.website-files.com/67b5a02dc5d338960b17a7e9/68302baa798e2cc6e02ac38a_ln-home-horiz-4-p-500.webp
43a70c763e15b9b38e6a8799fbfd91599e279f5edb19c08bfb38fa4ff017af69	22830	assets/cdn.prod.website-files.com/67d97a68478fe87e30c67abe/68305b3e6c7ab86033cf172c_In-helm-2025-Season-base-p-500.webp	https://cdn.prod.website-files.com/67d97a68478fe87e30c67abe/68305b3e6c7ab86033cf172c_In-helm-2025-Season-base-p-500.webp
d541af6540d998b146ad072ff039bac4b5e075af5ad4a0fa29c522bc2b1aed9f	42928	assets/cdn.prod.website-files.com/67d97a68478fe87e30c67abe/68305b3e6c7ab86033cf172c_In-helm-2025-Season-base.webp	https://cdn.prod.website-files.com/67d97a68478fe87e30c67abe/68305b3e6c7ab86033cf172c_In-helm-2025-Season-base.webp
b55a3261a22802ce4a4bf574eec228ca5236f8cc16371a66702b4b0e629e5a4d	77142	assets/cdn.prod.website-files.com/67b5a02dc5d338960b17a7e9/67d18655b032045a4dc78e56_ln4-hp-lando-head-p-500.webp	https://cdn.prod.website-files.com/67b5a02dc5d338960b17a7e9/67d18655b032045a4dc78e56_ln4-hp-lando-head-p-500.webp
60d9f613d88729ed9c70ef2d1b69495455b9376897709466b4e30fd96da9d53f	172392	assets/cdn.prod.website-files.com/67b5a02dc5d338960b17a7e9/67d18655b032045a4dc78e56_ln4-hp-lando-head.webp	https://cdn.prod.website-files.com/67b5a02dc5d338960b17a7e9/67d18655b032045a4dc78e56_ln4-hp-lando-head.webp
e35df542144044f25d49f2fd4b93826d0dde6627d30d48f9f425644546bdbaab	143362	assets/cdn.prod.website-files.com/67b5a02dc5d338960b17a7e9/67d18655b032045a4dc78e56_ln4-hp-lando-head-p-800.webp	https://cdn.prod.website-files.com/67b5a02dc5d338960b17a7e9/67d18655b032045a4dc78e56_ln4-hp-lando-head-p-800.webp
34fd1d45d77a514c4f55a887e0993da0be8e45ae33a4ead0996270f5c123f4b2	38562	assets/cdn.prod.website-files.com/67d97a68478fe87e30c67abe/68305b411c575b2f777125f6_In-helm-2025-Season-hover-p-500.webp	https://cdn.prod.website-files.com/67d97a68478fe87e30c67abe/68305b411c575b2f777125f6_In-helm-2025-Season-hover-p-500.webp
a054ad09ab2510f3a14deb8af7a8a090add97a2a3089413a45cef8635e533905	63284	assets/cdn.prod.website-files.com/67d97a68478fe87e30c67abe/68305b411c575b2f777125f6_In-helm-2025-Season-hover.webp	https://cdn.prod.website-files.com/67d97a68478fe87e30c67abe/68305b411c575b2f777125f6_In-helm-2025-Season-hover.webp
40aaf4b8238dc3f96b8fc72e0570f87c5af8f022cbc99457546105b5f227de62	20339	assets/cdn.prod.website-files.com/67b5a02dc5d338960b17a7e9/67e41c00f127bc68e2462635_ln4-2-helm-mask-extender-grey-fade.png	https://cdn.prod.website-files.com/67b5a02dc5d338960b17a7e9/67e41c00f127bc68e2462635_ln4-2-helm-mask-extender-grey-fade.png
5c12e43b16883132d5d3f87f3333701311754674abb37169aeb7912c10492700	10509	assets/cdn.prod.website-files.com/67b5a02dc5d338960b17a7e9/67e41c00f127bc68e2462635_ln4-2-helm-mask-extender-grey-fade-p-500.png	https://cdn.prod.website-files.com/67b5a02dc5d338960b17a7e9/67e41c00f127bc68e2462635_ln4-2-helm-mask-extender-grey-fade-p-500.png
b49573631bcff3cc9786f178824f5989697d060f3793cee31dbad254bab47c59	42506	assets/cdn.prod.website-files.com/67d97a68478fe87e30c67abe/68305b3e6c7ab86033cf172c_In-helm-2025-Season-base-p-800.webp	https://cdn.prod.website-files.com/67d97a68478fe87e30c67abe/68305b3e6c7ab86033cf172c_In-helm-2025-Season-base-p-800.webp
d4fb79c90780b72c4a231d9635115d51a6de62828a12078e5d644fa3eb3a9ae4	12368	assets/cdn.prod.website-files.com/67b5a02dc5d338960b17a7e9/68302bab4f762cdbc5e93415_ln-home-horiz-10-p-500.webp	https://cdn.prod.website-files.com/67b5a02dc5d338960b17a7e9/68302bab4f762cdbc5e93415_ln-home-horiz-10-p-500.webp
ae4bda8f2e25849352cc32a382c2058985978d531b6aaa4639592d8f8f77a9c0	424534	assets/cdn.prod.website-files.com/67b5a02dc5d338960b17a7e9/68302ff5ff89a9a4afb8c19e_ln-home-helm-large.webp	https://cdn.prod.website-files.com/67b5a02dc5d338960b17a7e9/68302ff5ff89a9a4afb8c19e_ln-home-helm-large.webp
6b9608c656b2401a8ff975e7779ba611e8fcd64bd13caf6eadc742398ebb1356	19908	assets/cdn.prod.website-files.com/67b5a02dc5d338960b17a7e9/67e41235ad69136bdc861b67_ln4-2-helm-mask-extender-lime-fade.png	https://cdn.prod.website-files.com/67b5a02dc5d338960b17a7e9/67e41235ad69136bdc861b67_ln4-2-helm-mask-extender-lime-fade.png
f72e430727b32a6922a8b011e97783fb769ce9cc170bc6c85f52ead93b8dd122	40368	assets/cdn.prod.website-files.com/67d97a68478fe87e30c67abe/68305b2259159e5170d2b923_In-helm-2025-Discoball-base.webp	https://cdn.prod.website-files.com/67d97a68478fe87e30c67abe/68305b2259159e5170d2b923_In-helm-2025-Discoball-base.webp
60366a6b1b4f3edc21c45c813d3fea37ef0d399fd1cd8a81ecf48449ad2748bf	10026	assets/cdn.prod.website-files.com/67b5a02dc5d338960b17a7e9/67e41235ad69136bdc861b67_ln4-2-helm-mask-extender-lime-fade-p-500.png	https://cdn.prod.website-files.com/67b5a02dc5d338960b17a7e9/67e41235ad69136bdc861b67_ln4-2-helm-mask-extender-lime-fade-p-500.png
6577ecdf6c43399ec411ec6917487e859e8ac55e4d9365dd001b8d56b8c8d870	39518	assets/cdn.prod.website-files.com/67d97a68478fe87e30c67abe/68305b2259159e5170d2b923_In-helm-2025-Discoball-base-p-800.webp	https://cdn.prod.website-files.com/67d97a68478fe87e30c67abe/68305b2259159e5170d2b923_In-helm-2025-Discoball-base-p-800.webp
1f22f94d0e00255e46bdee8efe580441feecc2de254c7a388aee7d7283f281ab	19290	assets/cdn.prod.website-files.com/67d97a68478fe87e30c67abe/68305b2259159e5170d2b923_In-helm-2025-Discoball-base-p-500.webp	https://cdn.prod.website-files.com/67d97a68478fe87e30c67abe/68305b2259159e5170d2b923_In-helm-2025-Discoball-base-p-500.webp
824f0acd0a215df08731d96538d0be5d3fb2a77fab5b258052767e68987fcddf	57742	assets/cdn.prod.website-files.com/67d97a68478fe87e30c67abe/68305b24037a1e7681195c20_In-helm-2025-Discoball-hover-p-800.webp	https://cdn.prod.website-files.com/67d97a68478fe87e30c67abe/68305b24037a1e7681195c20_In-helm-2025-Discoball-hover-p-800.webp
99a13d8c6ef6a26474c8f80f6af57350b40e2655e290917789bc19f38689f473	60250	assets/cdn.prod.website-files.com/67d97a68478fe87e30c67abe/68305b24037a1e7681195c20_In-helm-2025-Discoball-hover.webp	https://cdn.prod.website-files.com/67d97a68478fe87e30c67abe/68305b24037a1e7681195c20_In-helm-2025-Discoball-hover.webp
960326fe0d4f06d6c237f8e98df0af093947df450d6b131a3ea3f5f4de12db37	32740	assets/cdn.prod.website-files.com/67d97a68478fe87e30c67abe/68305b24037a1e7681195c20_In-helm-2025-Discoball-hover-p-500.webp	https://cdn.prod.website-files.com/67d97a68478fe87e30c67abe/68305b24037a1e7681195c20_In-helm-2025-Discoball-hover-p-500.webp
624de8f5c3589d2e21da9b1d20df4a6f2ff9031b674bbdea527266a546f97176	52250	assets/cdn.prod.website-files.com/67d97a68478fe87e30c67abe/68305aff4692de3e7ea12251_In-helm-2025-DarkGlitter-base.webp	https://cdn.prod.website-files.com/67d97a68478fe87e30c67abe/68305aff4692de3e7ea12251_In-helm-2025-DarkGlitter-base.webp
e1b5714ecb6a0822565ea64343cb5dd0b38e2a57f5f69e08d96d0f81c1cf8c19	25122	assets/cdn.prod.website-files.com/67d97a68478fe87e30c67abe/68305aff4692de3e7ea12251_In-helm-2025-DarkGlitter-base-p-500.webp	https://cdn.prod.website-files.com/67d97a68478fe87e30c67abe/68305aff4692de3e7ea12251_In-helm-2025-DarkGlitter-base-p-500.webp
a1e434a466f44f69cd5a66a8b43968da2e4a64639c9d0dd0dbe4d15911699a2e	43794	assets/cdn.prod.website-files.com/67d97a68478fe87e30c67abe/68305b03644c91f0a8de407b_In-helm-2025-DarkGlitter-hover.webp	https://cdn.prod.website-files.com/67d97a68478fe87e30c67abe/68305b03644c91f0a8de407b_In-helm-2025-DarkGlitter-hover.webp
83d18882f75451aa2f4bcaf1b6d95c11e0b43c709763d0704cc52774d92ace28	49286	assets/cdn.prod.website-files.com/67d97a68478fe87e30c67abe/68305aff4692de3e7ea12251_In-helm-2025-DarkGlitter-base-p-800.webp	https://cdn.prod.website-files.com/67d97a68478fe87e30c67abe/68305aff4692de3e7ea12251_In-helm-2025-DarkGlitter-base-p-800.webp
800d378bf468d631434ec958ea093a73dc25cb117022a291c1dcfa4e88d48bd4	26530	assets/cdn.prod.website-files.com/67d97a68478fe87e30c67abe/68305b03644c91f0a8de407b_In-helm-2025-DarkGlitter-hover-p-500.webp	https://cdn.prod.website-files.com/67d97a68478fe87e30c67abe/68305b03644c91f0a8de407b_In-helm-2025-DarkGlitter-hover-p-500.webp
f0242feb01fd4185952c571566f994111d19415bb15eb3bcea266c3b098e8954	43204	assets/cdn.prod.website-files.com/67d97a68478fe87e30c67abe/68305b03644c91f0a8de407b_In-helm-2025-DarkGlitter-hover-p-800.webp	https://cdn.prod.website-files.com/67d97a68478fe87e30c67abe/68305b03644c91f0a8de407b_In-helm-2025-DarkGlitter-hover-p-800.webp
00658b937211bafda9865a730a60c6253abeb44b42302a5b9d4d83db8e28d1a1	20588	assets/cdn.prod.website-files.com/67d97a68478fe87e30c67abe/68305aeac44aa40f7bda5460_In-helm-2024-Season-base-p-500.webp	https://cdn.prod.website-files.com/67d97a68478fe87e30c67abe/68305aeac44aa40f7bda5460_In-helm-2024-Season-base-p-500.webp
f42ca121bed0d173bcfef9693e9a77ce4e7a909995338aa8f68cc672a4148062	36952	assets/cdn.prod.website-files.com/67d97a68478fe87e30c67abe/68305aeac44aa40f7bda5460_In-helm-2024-Season-base.webp	https://cdn.prod.website-files.com/67d97a68478fe87e30c67abe/68305aeac44aa40f7bda5460_In-helm-2024-Season-base.webp
637e8d0c2b9ced383311f2b491a7fe99d2a64ef071015b3a0f03ffd21fe6e4d4	27156	assets/cdn.prod.website-files.com/67d97a68478fe87e30c67abe/68305af56183c37dfd14ff3f_In-helm-2024-Season-hover-p-500.webp	https://cdn.prod.website-files.com/67d97a68478fe87e30c67abe/68305af56183c37dfd14ff3f_In-helm-2024-Season-hover-p-500.webp
aed428a6e74ab5307ba0d0d8d5ef50d49755443a4093cfc225308e48b19c0f30	46064	assets/cdn.prod.website-files.com/67d97a68478fe87e30c67abe/68305af56183c37dfd14ff3f_In-helm-2024-Season-hover-p-800.webp	https://cdn.prod.website-files.com/67d97a68478fe87e30c67abe/68305af56183c37dfd14ff3f_In-helm-2024-Season-hover-p-800.webp
9e94c106b1a306abd887f56decbd6cd528f3d45eb3f0a14490d828209caf91dd	44784	assets/cdn.prod.website-files.com/67d97a68478fe87e30c67abe/68305acf3fccf71c6d72607b_In-helm-2024-Porcelain-base.webp	https://cdn.prod.website-files.com/67d97a68478fe87e30c67abe/68305acf3fccf71c6d72607b_In-helm-2024-Porcelain-base.webp
074dd29f4131be3e56eb57a6b680239cd22d2c0749620a03462684c79fdef7c1	47160	assets/cdn.prod.website-files.com/67d97a68478fe87e30c67abe/68305af56183c37dfd14ff3f_In-helm-2024-Season-hover.webp	https://cdn.prod.website-files.com/67d97a68478fe87e30c67abe/68305af56183c37dfd14ff3f_In-helm-2024-Season-hover.webp
be41dc98dc78e5c8952a7a09073de5a9b2020e134d0c46f088e29e8ecbf6a8c3	43182	assets/cdn.prod.website-files.com/67d97a68478fe87e30c67abe/68305acf3fccf71c6d72607b_In-helm-2024-Porcelain-base-p-800.webp	https://cdn.prod.website-files.com/67d97a68478fe87e30c67abe/68305acf3fccf71c6d72607b_In-helm-2024-Porcelain-base-p-800.webp
a98457e99204ba00e92ed5e31e6d8aad0d004f1c774523c62e3610ad5c0875a3	21322	assets/cdn.prod.website-files.com/67d97a68478fe87e30c67abe/68305acf3fccf71c6d72607b_In-helm-2024-Porcelain-base-p-500.webp	https://cdn.prod.website-files.com/67d97a68478fe87e30c67abe/68305acf3fccf71c6d72607b_In-helm-2024-Porcelain-base-p-500.webp
df4201c4027643424f52ca5dae2a510be4a9eac2ac64b44ab566e152546b48f4	69322	assets/cdn.prod.website-files.com/67d97a68478fe87e30c67abe/68305ad3a594ec37bd1d32cb_In-helm-2024-Porcelain-hover.webp	https://cdn.prod.website-files.com/67d97a68478fe87e30c67abe/68305ad3a594ec37bd1d32cb_In-helm-2024-Porcelain-hover.webp
325007a978c4e1cc66fcb19099293c386143e3c396b3c7f67f40b8f8848f90f8	37210	assets/cdn.prod.website-files.com/67d97a68478fe87e30c67abe/68305ad3a594ec37bd1d32cb_In-helm-2024-Porcelain-hover-p-500.webp	https://cdn.prod.website-files.com/67d97a68478fe87e30c67abe/68305ad3a594ec37bd1d32cb_In-helm-2024-Porcelain-hover-p-500.webp
ff4d68403f6ffdb1c87006b1c1c30c8d7da34db9051e82fbe841997fb967a5e7	20880	assets/cdn.prod.website-files.com/67d97a68478fe87e30c67abe/68305a980c399022066600a6_In-helm-2024-Japan-base-p-500.webp	https://cdn.prod.website-files.com/67d97a68478fe87e30c67abe/68305a980c399022066600a6_In-helm-2024-Japan-base-p-500.webp
2c03ae1d61dc180eb78d79f052518e1263d70e0d842bbaa9ad5f561e121af930	50032	assets/cdn.prod.website-files.com/67d97a68478fe87e30c67abe/68305a980c399022066600a6_In-helm-2024-Japan-base.webp	https://cdn.prod.website-files.com/67d97a68478fe87e30c67abe/68305a980c399022066600a6_In-helm-2024-Japan-base.webp
8bbc744f56e1e4614ada586daa45f3b56c218b04ed4734c66d7ff9f1dcf480dc	65676	assets/cdn.prod.website-files.com/67d97a68478fe87e30c67abe/68305ad3a594ec37bd1d32cb_In-helm-2024-Porcelain-hover-p-800.webp	https://cdn.prod.website-files.com/67d97a68478fe87e30c67abe/68305ad3a594ec37bd1d32cb_In-helm-2024-Porcelain-hover-p-800.webp
723c35f64c9c2d7e6a427874e40a0e6d1f8020521a86ed4a4437a851cbcf212d	65750	assets/cdn.prod.website-files.com/67d97a68478fe87e30c67abe/68305a9b1716264ea006064b_In-helm-2024-Japan-hover.webp	https://cdn.prod.website-files.com/67d97a68478fe87e30c67abe/68305a9b1716264ea006064b_In-helm-2024-Japan-hover.webp
2f3c6b1e2200c42d34624e38bfdb65418be28176217b5b87c701d608aa646c57	45820	assets/cdn.prod.website-files.com/67d97a68478fe87e30c67abe/68305a980c399022066600a6_In-helm-2024-Japan-base-p-800.webp	https://cdn.prod.website-files.com/67d97a68478fe87e30c67abe/68305a980c399022066600a6_In-helm-2024-Japan-base-p-800.webp
6a7a9b304e123039d720a15755bc21a9884b309e05e8d12d7a4c808b86fbf1c1	36420	assets/cdn.prod.website-files.com/67d97a68478fe87e30c67abe/68305a9b1716264ea006064b_In-helm-2024-Japan-hover-p-500.webp	https://cdn.prod.website-files.com/67d97a68478fe87e30c67abe/68305a9b1716264ea006064b_In-helm-2024-Japan-hover-p-500.webp
7bc1d3d9227de42703355f1ce50b4cd9787c2b3ad9d4f323e8717e9063688f3b	62370	assets/cdn.prod.website-files.com/67d97a68478fe87e30c67abe/68305a9b1716264ea006064b_In-helm-2024-Japan-hover-p-800.webp	https://cdn.prod.website-files.com/67d97a68478fe87e30c67abe/68305a9b1716264ea006064b_In-helm-2024-Japan-hover-p-800.webp
bfdcf073f529767fc8e641b7d10460d3fe8bb221062a2ede2df5a23921280321	35532	assets/cdn.prod.website-files.com/67d97a68478fe87e30c67abe/68305a7d4e96d5f8f44f7803_In-helm-2024-GIF Helmet-base.webp	https://cdn.prod.website-files.com/67d97a68478fe87e30c67abe/68305a7d4e96d5f8f44f7803_In-helm-2024-GIF%20Helmet-base.webp
3397e71921fbe2f80941681cc64b0a47c4d125f0dce394d7800e69214c9c2f53	35156	assets/cdn.prod.website-files.com/67d97a68478fe87e30c67abe/68305a7d4e96d5f8f44f7803_In-helm-2024-GIF Helmet-base-p-800.webp	https://cdn.prod.website-files.com/67d97a68478fe87e30c67abe/68305a7d4e96d5f8f44f7803_In-helm-2024-GIF%20Helmet-base-p-800.webp
f5e71c3ea30a062ec8cedfac006b4487c915c335e732ccb446fc4b8d48e9bd86	18630	assets/cdn.prod.website-files.com/67d97a68478fe87e30c67abe/68305a7d4e96d5f8f44f7803_In-helm-2024-GIF Helmet-base-p-500.webp	https://cdn.prod.website-files.com/67d97a68478fe87e30c67abe/68305a7d4e96d5f8f44f7803_In-helm-2024-GIF%20Helmet-base-p-500.webp
c6a9b118f4a062af20370cff716f84a9820dec724c6328069d4df77a9f5c9404	23072	assets/cdn.prod.website-files.com/67d97a68478fe87e30c67abe/68305a8e13a9b59a5e99cafe_In-helm-2024-GIF Helmet-hover-p-500.webp	https://cdn.prod.website-files.com/67d97a68478fe87e30c67abe/68305a8e13a9b59a5e99cafe_In-helm-2024-GIF%20Helmet-hover-p-500.webp
36891c0b6ded8ad766bdae6eb3feb23615ccab4fbaac5a7c80996657cc999410	36702	assets/cdn.prod.website-files.com/67d97a68478fe87e30c67abe/68305a8e13a9b59a5e99cafe_In-helm-2024-GIF Helmet-hover.webp	https://cdn.prod.website-files.com/67d97a68478fe87e30c67abe/68305a8e13a9b59a5e99cafe_In-helm-2024-GIF%20Helmet-hover.webp
99f948d478f8a24ecec1cb6a5dbc23119720aec95d59a0252af059663b96576e	36424	assets/cdn.prod.website-files.com/67d97a68478fe87e30c67abe/68305a8e13a9b59a5e99cafe_In-helm-2024-GIF Helmet-hover-p-800.webp	https://cdn.prod.website-files.com/67d97a68478fe87e30c67abe/68305a8e13a9b59a5e99cafe_In-helm-2024-GIF%20Helmet-hover-p-800.webp
7b1968c2ab189ab47aadfbe5cfbd55c0c96a792f435b9fc3f7f284324a4a6da4	36070	assets/cdn.prod.website-files.com/67d97a68478fe87e30c67abe/68305a59417d51c0a58c32c6_In-helm-2024-DarkMode-base.webp	https://cdn.prod.website-files.com/67d97a68478fe87e30c67abe/68305a59417d51c0a58c32c6_In-helm-2024-DarkMode-base.webp
087751ed15ff21f308f049a2781e0258eddb9070ef954264e377144ae86505e5	19724	assets/cdn.prod.website-files.com/67d97a68478fe87e30c67abe/68305a59417d51c0a58c32c6_In-helm-2024-DarkMode-base-p-500.webp	https://cdn.prod.website-files.com/67d97a68478fe87e30c67abe/68305a59417d51c0a58c32c6_In-helm-2024-DarkMode-base-p-500.webp
9bdedac73c41eabb9a26734e20efa7089b2f8aaa29be093be9253f4d1e2ff821	22258	assets/cdn.prod.website-files.com/67d97a68478fe87e30c67abe/68305a5cdaa389d0c080afc7_In-helm-2024-DarkMode-hover-p-500.webp	https://cdn.prod.website-files.com/67d97a68478fe87e30c67abe/68305a5cdaa389d0c080afc7_In-helm-2024-DarkMode-hover-p-500.webp
95b53546b361628bc3e39497431b8b37b8b293eb335ea944ed6f508ce39af635	39482	assets/cdn.prod.website-files.com/67d97a68478fe87e30c67abe/68305a5cdaa389d0c080afc7_In-helm-2024-DarkMode-hover.webp	https://cdn.prod.website-files.com/67d97a68478fe87e30c67abe/68305a5cdaa389d0c080afc7_In-helm-2024-DarkMode-hover.webp
a767837ebd5e1428846686a0b0e446086494734468cbdcbb48fd3e477c96cd5b	38404	assets/cdn.prod.website-files.com/67d97a68478fe87e30c67abe/68305a5cdaa389d0c080afc7_In-helm-2024-DarkMode-hover-p-800.webp	https://cdn.prod.website-files.com/67d97a68478fe87e30c67abe/68305a5cdaa389d0c080afc7_In-helm-2024-DarkMode-hover-p-800.webp
53338e3faa3e3ffd84d7b68c54837b03d51a66e58ab3e0778087c3b8adade06a	35904	assets/cdn.prod.website-files.com/67d97a68478fe87e30c67abe/68305a59417d51c0a58c32c6_In-helm-2024-DarkMode-base-p-800.webp	https://cdn.prod.website-files.com/67d97a68478fe87e30c67abe/68305a59417d51c0a58c32c6_In-helm-2024-DarkMode-base-p-800.webp
06ac0166e20a4227946e85d094dc279898ea4723d42f490908fa43950042f0ad	52932	assets/cdn.prod.website-files.com/67d97a68478fe87e30c67abe/68305a459178b78319e05b55_In-helm-2023-Race 100-base.webp	https://cdn.prod.website-files.com/67d97a68478fe87e30c67abe/68305a459178b78319e05b55_In-helm-2023-Race%20100-base.webp
e0f884a6bfed1b5e8b2b7c40714c376114efa413b991713f8276ea6452a24df9	24194	assets/cdn.prod.website-files.com/67d97a68478fe87e30c67abe/68305a459178b78319e05b55_In-helm-2023-Race 100-base-p-500.webp	https://cdn.prod.website-files.com/67d97a68478fe87e30c67abe/68305a459178b78319e05b55_In-helm-2023-Race%20100-base-p-500.webp
c5f7247c1c707e8d1c3ebed9d96bf04b3264cb1a79c5bbddbe0359459134d0f7	48514	assets/cdn.prod.website-files.com/67d97a68478fe87e30c67abe/68305a47417d51c0a58c28a6_In-helm-2023-Race 100-hover.webp	https://cdn.prod.website-files.com/67d97a68478fe87e30c67abe/68305a47417d51c0a58c28a6_In-helm-2023-Race%20100-hover.webp
b424353e638a6244a47f3f9f48bce16689662193ddeb31ff956b4aea8ddf30ce	51138	assets/cdn.prod.website-files.com/67d97a68478fe87e30c67abe/68305a459178b78319e05b55_In-helm-2023-Race 100-base-p-800.webp	https://cdn.prod.website-files.com/67d97a68478fe87e30c67abe/68305a459178b78319e05b55_In-helm-2023-Race%20100-base-p-800.webp
db0c70a1633b88e9d2f03ac080e5911bec4a98ba488460ae30218374b1dea174	29232	assets/cdn.prod.website-files.com/67d97a68478fe87e30c67abe/68305a47417d51c0a58c28a6_In-helm-2023-Race 100-hover-p-500.webp	https://cdn.prod.website-files.com/67d97a68478fe87e30c67abe/68305a47417d51c0a58c28a6_In-helm-2023-Race%20100-hover-p-500.webp
a7a7fb40f494df27d2884a2a8afdde9c4d3fad151d6bf39288a2eedd3461fa12	31998	assets/cdn.prod.website-files.com/67d97a68478fe87e30c67abe/68305a2e3fccf71c6d71e5a8_In-helm-2023-Las Vegas-base.webp	https://cdn.prod.website-files.com/67d97a68478fe87e30c67abe/68305a2e3fccf71c6d71e5a8_In-helm-2023-Las%20Vegas-base.webp
aa036b76152d3c4296eddffa1523d39006c6de7ad015f5e38f2ed4063153e2fd	15466	assets/cdn.prod.website-files.com/67d97a68478fe87e30c67abe/68305a2e3fccf71c6d71e5a8_In-helm-2023-Las Vegas-base-p-500.webp	https://cdn.prod.website-files.com/67d97a68478fe87e30c67abe/68305a2e3fccf71c6d71e5a8_In-helm-2023-Las%20Vegas-base-p-500.webp
6647cbb940518d73b0698643fe083d39396d353b95e5191bddddc76727e19526	48300	assets/cdn.prod.website-files.com/67d97a68478fe87e30c67abe/68305a47417d51c0a58c28a6_In-helm-2023-Race 100-hover-p-800.webp	https://cdn.prod.website-files.com/67d97a68478fe87e30c67abe/68305a47417d51c0a58c28a6_In-helm-2023-Race%20100-hover-p-800.webp
f42736f60fb2ae9d0209820d49449a2dc6f48163587364cab52b225a9c3cac42	31562	assets/cdn.prod.website-files.com/67d97a68478fe87e30c67abe/68305a2e3fccf71c6d71e5a8_In-helm-2023-Las Vegas-base-p-800.webp	https://cdn.prod.website-files.com/67d97a68478fe87e30c67abe/68305a2e3fccf71c6d71e5a8_In-helm-2023-Las%20Vegas-base-p-800.webp
2116fb5cef0913b3ad72d65d6273e8a323212321d66c7eb37f2160fb4187473b	23616	assets/cdn.prod.website-files.com/67d97a68478fe87e30c67abe/68305a3053985f797745cdfc_In-helm-2023-Las Vegas-hover-p-500.webp	https://cdn.prod.website-files.com/67d97a68478fe87e30c67abe/68305a3053985f797745cdfc_In-helm-2023-Las%20Vegas-hover-p-500.webp
d58a4d87887dceb955eab5912f5163907fce51fa1090801e7157b20b696060fd	31674	assets/cdn.prod.website-files.com/67d97a68478fe87e30c67abe/68305a153de4a824d397d21d_In-helm-2023-Chrome-base.webp	https://cdn.prod.website-files.com/67d97a68478fe87e30c67abe/68305a153de4a824d397d21d_In-helm-2023-Chrome-base.webp
ad05fe6eca67a0e6beb4092469cdf65ebeae371797a69e70261e494e6727e9d0	41198	assets/cdn.prod.website-files.com/67d97a68478fe87e30c67abe/68305a3053985f797745cdfc_In-helm-2023-Las Vegas-hover.webp	https://cdn.prod.website-files.com/67d97a68478fe87e30c67abe/68305a3053985f797745cdfc_In-helm-2023-Las%20Vegas-hover.webp
c7d2c7e556513721a00ec26376a2501c8bea21d151cef3dab6a3c6a583a75ea5	14776	assets/cdn.prod.website-files.com/67d97a68478fe87e30c67abe/68305a153de4a824d397d21d_In-helm-2023-Chrome-base-p-500.webp	https://cdn.prod.website-files.com/67d97a68478fe87e30c67abe/68305a153de4a824d397d21d_In-helm-2023-Chrome-base-p-500.webp
91bc07a27ceea3972b3b0301bc3e924a05ec46d1b55e8ae8d90f20e81638ee7d	42060	assets/cdn.prod.website-files.com/67d97a68478fe87e30c67abe/68305a175a720573cbd3000f_In-helm-2023-Chrome-hover.webp	https://cdn.prod.website-files.com/67d97a68478fe87e30c67abe/68305a175a720573cbd3000f_In-helm-2023-Chrome-hover.webp
c43041924a2762eab89a38ce40322090ef136b339d60d531c45e62b72a0ebb23	24964	assets/cdn.prod.website-files.com/67d97a68478fe87e30c67abe/68305a175a720573cbd3000f_In-helm-2023-Chrome-hover-p-500.webp	https://cdn.prod.website-files.com/67d97a68478fe87e30c67abe/68305a175a720573cbd3000f_In-helm-2023-Chrome-hover-p-500.webp
4bef1763afcec8881ed107bcc4dce5e7ff2ed9622b553ca81a544605d0049495	40078	assets/cdn.prod.website-files.com/67d97a68478fe87e30c67abe/68305a3053985f797745cdfc_In-helm-2023-Las Vegas-hover-p-800.webp	https://cdn.prod.website-files.com/67d97a68478fe87e30c67abe/68305a3053985f797745cdfc_In-helm-2023-Las%20Vegas-hover-p-800.webp
126a1702e88eea99604943e141d425a3f742940ced8e4baea23d858653189a21	31018	assets/cdn.prod.website-files.com/67d97a68478fe87e30c67abe/68305a153de4a824d397d21d_In-helm-2023-Chrome-base-p-800.webp	https://cdn.prod.website-files.com/67d97a68478fe87e30c67abe/68305a153de4a824d397d21d_In-helm-2023-Chrome-base-p-800.webp
ecabfa12844b2135b81a2824c5a4da815643f948d073a1e62b4cd3062449debd	23182	assets/cdn.prod.website-files.com/67d97a68478fe87e30c67abe/683053f61b468e794507c0a7_In-helm-2023-Beach Ball-base.webp	https://cdn.prod.website-files.com/67d97a68478fe87e30c67abe/683053f61b468e794507c0a7_In-helm-2023-Beach%20Ball-base.webp
c351fc7a090f569cfb2537faf8fd14c8c49244ba36088c14ae8892e34f9b5115	44992	assets/cdn.prod.website-files.com/67d97a68478fe87e30c67abe/683053fb6e004f8218de7f11_In-helm-2023-Beach Ball-hover.webp	https://cdn.prod.website-files.com/67d97a68478fe87e30c67abe/683053fb6e004f8218de7f11_In-helm-2023-Beach%20Ball-hover.webp
bd2d14626ee1ab6201459b1bda700091d917af6561775b88538ec096fb5fe7f1	40714	assets/cdn.prod.website-files.com/67d97a68478fe87e30c67abe/68305a175a720573cbd3000f_In-helm-2023-Chrome-hover-p-800.webp	https://cdn.prod.website-files.com/67d97a68478fe87e30c67abe/68305a175a720573cbd3000f_In-helm-2023-Chrome-hover-p-800.webp
af13f0cb6a4900e0ab373c08eacf5090cb93f0ca01e35496af5f9f700189f253	12168	assets/cdn.prod.website-files.com/67d97a68478fe87e30c67abe/683053f61b468e794507c0a7_In-helm-2023-Beach Ball-base-p-500.webp	https://cdn.prod.website-files.com/67d97a68478fe87e30c67abe/683053f61b468e794507c0a7_In-helm-2023-Beach%20Ball-base-p-500.webp
e9b747d255c190ef14b9c9dac83d4e6c1be80881d6b0d9082e7ff256d0d6e13e	26830	assets/cdn.prod.website-files.com/67d97a68478fe87e30c67abe/683053fb6e004f8218de7f11_In-helm-2023-Beach Ball-hover-p-500.webp	https://cdn.prod.website-files.com/67d97a68478fe87e30c67abe/683053fb6e004f8218de7f11_In-helm-2023-Beach%20Ball-hover-p-500.webp
64c655fa71651239b22a389ab807ec6ec1f90625e6f7247aa9bc14843b2a9c9d	20508	assets/cdn.prod.website-files.com/67d97a68478fe87e30c67abe/683052a8a475dfa06075ca17_In-helm-2022-Basketball-base-p-500.webp	https://cdn.prod.website-files.com/67d97a68478fe87e30c67abe/683052a8a475dfa06075ca17_In-helm-2022-Basketball-base-p-500.webp
ae5b3cb5b7f19f4015de694c6dafe4503b0fd13cc527024806bf2da5b9b9fc7c	52040	assets/cdn.prod.website-files.com/67d97a68478fe87e30c67abe/683052a8a475dfa06075ca17_In-helm-2022-Basketball-base.webp	https://cdn.prod.website-files.com/67d97a68478fe87e30c67abe/683052a8a475dfa06075ca17_In-helm-2022-Basketball-base.webp
25c198ab046c5774d907aeaa92ac494d61f8fdcadadc15c29e4ff56d8edaec58	46902	assets/cdn.prod.website-files.com/67d97a68478fe87e30c67abe/683052a8a475dfa06075ca17_In-helm-2022-Basketball-base-p-800.webp	https://cdn.prod.website-files.com/67d97a68478fe87e30c67abe/683052a8a475dfa06075ca17_In-helm-2022-Basketball-base-p-800.webp
689628547a719efa2cdd8731164282023d257f8d3bb0843bcf4305ca4b97d112	33166	assets/cdn.prod.website-files.com/67d97a68478fe87e30c67abe/683052ab1073a33331767d2a_In-helm-2022-Basketball-hover-p-500.webp	https://cdn.prod.website-files.com/67d97a68478fe87e30c67abe/683052ab1073a33331767d2a_In-helm-2022-Basketball-hover-p-500.webp
4e5215ec32fa5978ec26f37eba48b43a408989e7fe73f7af5bd9e94013edaa58	43442	assets/cdn.prod.website-files.com/67d97a68478fe87e30c67abe/683053fb6e004f8218de7f11_In-helm-2023-Beach Ball-hover-p-800.webp	https://cdn.prod.website-files.com/67d97a68478fe87e30c67abe/683053fb6e004f8218de7f11_In-helm-2023-Beach%20Ball-hover-p-800.webp
8b0ebd75bdd69fc9d1945287963eb0d9aa6cb056e88356112dde6b802ca2daef	57866	assets/cdn.prod.website-files.com/67d97a68478fe87e30c67abe/683052ab1073a33331767d2a_In-helm-2022-Basketball-hover.webp	https://cdn.prod.website-files.com/67d97a68478fe87e30c67abe/683052ab1073a33331767d2a_In-helm-2022-Basketball-hover.webp
d7f16803d51c5fbe4a8d3a6e5187cf37bd8705f9fe6a40a424706507660ac58b	28452	assets/cdn.prod.website-files.com/67d97a68478fe87e30c67abe/68305038652a87f86290bf3b_ln-helm-2021-base.webp	https://cdn.prod.website-files.com/67d97a68478fe87e30c67abe/68305038652a87f86290bf3b_ln-helm-2021-base.webp
e57f70f32f303f11a002e648a5a91a354c4d2a7305bf81d1b287e675c9864431	14964	assets/cdn.prod.website-files.com/67d97a68478fe87e30c67abe/68305038652a87f86290bf3b_ln-helm-2021-base-p-500.webp	https://cdn.prod.website-files.com/67d97a68478fe87e30c67abe/68305038652a87f86290bf3b_ln-helm-2021-base-p-500.webp
2f13f8449492178a7757df59c4c674f70828cb6cc944de59151ac7ef2645e3b4	57188	assets/cdn.prod.website-files.com/67d97a68478fe87e30c67abe/683052ab1073a33331767d2a_In-helm-2022-Basketball-hover-p-800.webp	https://cdn.prod.website-files.com/67d97a68478fe87e30c67abe/683052ab1073a33331767d2a_In-helm-2022-Basketball-hover-p-800.webp
342651129bf70fabe2edcc444b86c2bbe7993e0d31c811d1e01e8b5c34ab1e5f	56676	assets/cdn.prod.website-files.com/67d97a68478fe87e30c67abe/68305b57817f019bc368a7b6_ln-helm-2021-hover.webp	https://cdn.prod.website-files.com/67d97a68478fe87e30c67abe/68305b57817f019bc368a7b6_ln-helm-2021-hover.webp
87aa541691429da2e306ad04f2cf57c8581d276155cff70308358a8b19b88588	28082	assets/cdn.prod.website-files.com/67d97a68478fe87e30c67abe/68305038652a87f86290bf3b_ln-helm-2021-base-p-800.webp	https://cdn.prod.website-files.com/67d97a68478fe87e30c67abe/68305038652a87f86290bf3b_ln-helm-2021-base-p-800.webp
355c4189fdac707a49a9dee54594a728837679b1abb4d66933907e946d0424f8	29148	assets/cdn.prod.website-files.com/67d97a68478fe87e30c67abe/68305203f28384dcf8ef81cb_In-helm-2020-Silverstone-base.webp	https://cdn.prod.website-files.com/67d97a68478fe87e30c67abe/68305203f28384dcf8ef81cb_In-helm-2020-Silverstone-base.webp
cad099f552486f5510a7463f8b9d09a4bf3cb1df531886cedf5ed4f61db96b38	33794	assets/cdn.prod.website-files.com/67d97a68478fe87e30c67abe/68305b57817f019bc368a7b6_ln-helm-2021-hover-p-500.webp	https://cdn.prod.website-files.com/67d97a68478fe87e30c67abe/68305b57817f019bc368a7b6_ln-helm-2021-hover-p-500.webp
49917f2566429c13298d4da78991232de62b637d672cc0a407691e6384a5c69a	15070	assets/cdn.prod.website-files.com/67d97a68478fe87e30c67abe/68305203f28384dcf8ef81cb_In-helm-2020-Silverstone-base-p-500.webp	https://cdn.prod.website-files.com/67d97a68478fe87e30c67abe/68305203f28384dcf8ef81cb_In-helm-2020-Silverstone-base-p-500.webp
7b8dddf2f6891d262e3f1f2ec6e67754a349de7e0f03206a269b7c212714b771	28806	assets/cdn.prod.website-files.com/67d97a68478fe87e30c67abe/68305203f28384dcf8ef81cb_In-helm-2020-Silverstone-base-p-800.webp	https://cdn.prod.website-files.com/67d97a68478fe87e30c67abe/68305203f28384dcf8ef81cb_In-helm-2020-Silverstone-base-p-800.webp
4a6df7effe9c7904111fe416c59ea98e62f959621c85910c7db3ae2684250bb3	78098	assets/cdn.prod.website-files.com/67d97a68478fe87e30c67abe/68305223cddca8f1ea359a7a_In-helm-2020-Silverstone-hover.webp	https://cdn.prod.website-files.com/67d97a68478fe87e30c67abe/68305223cddca8f1ea359a7a_In-helm-2020-Silverstone-hover.webp
eea576c383dc09a67277f3a34d5fa61e68108a780a018daf0fb2061fcb109a78	36250	assets/cdn.prod.website-files.com/67d97a68478fe87e30c67abe/68305223cddca8f1ea359a7a_In-helm-2020-Silverstone-hover-p-500.webp	https://cdn.prod.website-files.com/67d97a68478fe87e30c67abe/68305223cddca8f1ea359a7a_In-helm-2020-Silverstone-hover-p-500.webp
511becdbe763e0d99f89e06f2fb49c511ce7d00b05934500d333532e9ad76fc1	70752	assets/cdn.prod.website-files.com/67d97a68478fe87e30c67abe/68305223cddca8f1ea359a7a_In-helm-2020-Silverstone-hover-p-800.webp	https://cdn.prod.website-files.com/67d97a68478fe87e30c67abe/68305223cddca8f1ea359a7a_In-helm-2020-Silverstone-hover-p-800.webp
6db3918dabf68e2c136e84d7b442daedefc5751144a8d6b9fe7fe76409973607	19334	assets/cdn.prod.website-files.com/67d97a68478fe87e30c67abe/68305139c5020a27624aa793_In-helm-2019-base-p-500.webp	https://cdn.prod.website-files.com/67d97a68478fe87e30c67abe/68305139c5020a27624aa793_In-helm-2019-base-p-500.webp
aa0e7fa0e34c15b59bc05e5696ce8ead7720846d119170fa89a3b782aa6811c8	40016	assets/cdn.prod.website-files.com/67d97a68478fe87e30c67abe/68305139c5020a27624aa793_In-helm-2019-base.webp	https://cdn.prod.website-files.com/67d97a68478fe87e30c67abe/68305139c5020a27624aa793_In-helm-2019-base.webp
f6969fcba9aa211363d694f865ead1ab5ea6355a7207a0c48453394036a7073a	38442	assets/cdn.prod.website-files.com/67d97a68478fe87e30c67abe/68305139c5020a27624aa793_In-helm-2019-base-p-800.webp	https://cdn.prod.website-files.com/67d97a68478fe87e30c67abe/68305139c5020a27624aa793_In-helm-2019-base-p-800.webp
6135577212c50eccf739ad2daefedc7cc3eabffcaf2b8fc51cc9024634b913bd	54028	assets/cdn.prod.website-files.com/67d97a68478fe87e30c67abe/6830513c652a87f862917de3_In-helm-2019-hover.webp	https://cdn.prod.website-files.com/67d97a68478fe87e30c67abe/6830513c652a87f862917de3_In-helm-2019-hover.webp
7197c4f4c34b7d39eca2dfd00969e5b937c06e0dc505b51425d21c234839b523	30320	assets/cdn.prod.website-files.com/67d97a68478fe87e30c67abe/6830513c652a87f862917de3_In-helm-2019-hover-p-500.webp	https://cdn.prod.website-files.com/67d97a68478fe87e30c67abe/6830513c652a87f862917de3_In-helm-2019-hover-p-500.webp
e51d485bc61d210a1aa2c729c3e7713cb42c309a05e257ebb2bade910d55cbb8	6194	assets/cdn.prod.website-files.com/67b5a02dc5d338960b17a7e9/69458be88faa89137717632c_lando-store-gold-2.webp	https://cdn.prod.website-files.com/67b5a02dc5d338960b17a7e9/69458be88faa89137717632c_lando-store-gold-2.webp
d3cf6f70e67f7fc51be9b47d2690072d17e31cbd9b4dcf74a82476c5e267b246	57110	assets/cdn.prod.website-files.com/67b5a02dc5d338960b17a7e9/69458be7e803d4123abb47dd_lando-store-gold-5-p-1080.webp	https://cdn.prod.website-files.com/67b5a02dc5d338960b17a7e9/69458be7e803d4123abb47dd_lando-store-gold-5-p-1080.webp
23e457ea28da65523fce78881389ac3df4eaaf93ba91a711f7d0377a211aaa08	21966	assets/cdn.prod.website-files.com/67b5a02dc5d338960b17a7e9/69458be7e803d4123abb47dd_lando-store-gold-5-p-500.webp	https://cdn.prod.website-files.com/67b5a02dc5d338960b17a7e9/69458be7e803d4123abb47dd_lando-store-gold-5-p-500.webp
163498438f1761b0871fc2b1a51287de8bb7f62218c89fb979dcc9f5335171cf	40482	assets/cdn.prod.website-files.com/67b5a02dc5d338960b17a7e9/69458be7e803d4123abb47dd_lando-store-gold-5-p-800.webp	https://cdn.prod.website-files.com/67b5a02dc5d338960b17a7e9/69458be7e803d4123abb47dd_lando-store-gold-5-p-800.webp
a6444254323e97a929e42ef7753a38f4d315667496f892acf79292ce2ba603f3	65930	assets/cdn.prod.website-files.com/67b5a02dc5d338960b17a7e9/69458be7e803d4123abb47dd_lando-store-gold-5.webp	https://cdn.prod.website-files.com/67b5a02dc5d338960b17a7e9/69458be7e803d4123abb47dd_lando-store-gold-5.webp
6e4b2fc5b57aa23789799260892d9f3c7f0b1eddaa2c27c5275ae6d7f9741e21	34184	assets/cdn.prod.website-files.com/67b5a02dc5d338960b17a7e9/69458be8f7e939c143a9bed6_lando-store-gold-3.webp	https://cdn.prod.website-files.com/67b5a02dc5d338960b17a7e9/69458be8f7e939c143a9bed6_lando-store-gold-3.webp
fcb79d7ac0a472373b39f31c26da425a0e90ff4a7f53fc10c1787f6179275ade	52156	assets/cdn.prod.website-files.com/67d97a68478fe87e30c67abe/6830513c652a87f862917de3_In-helm-2019-hover-p-800.webp	https://cdn.prod.website-files.com/67d97a68478fe87e30c67abe/6830513c652a87f862917de3_In-helm-2019-hover-p-800.webp
c18ec0b84f719ef16d69bb046fbc20df02442365a30859fe8e5772fe11c7c5ea	12566	assets/cdn.prod.website-files.com/67b5a02dc5d338960b17a7e9/69458be8f7e939c143a9bed6_lando-store-gold-3-p-500.webp	https://cdn.prod.website-files.com/67b5a02dc5d338960b17a7e9/69458be8f7e939c143a9bed6_lando-store-gold-3-p-500.webp
a016cc40ab934f5c3775464766bbd125ca870d1b804cf12fc45a75bdca1a5172	5830	assets/cdn.prod.website-files.com/67b5a02dc5d338960b17a7e9/69458be7e4ccfdba84b69d27_lando-store-gold-1.webp	https://cdn.prod.website-files.com/67b5a02dc5d338960b17a7e9/69458be7e4ccfdba84b69d27_lando-store-gold-1.webp
af4f75b4e9e99fe9e046c83749d383801220e2e53001900f31bae6c37bde1eb8	43294	assets/cdn.prod.website-files.com/67b5a02dc5d338960b17a7e9/69458c78c9825ebb795d2e81_LN1.webp	https://cdn.prod.website-files.com/67b5a02dc5d338960b17a7e9/69458c78c9825ebb795d2e81_LN1.webp
e3c0c712a55bb4a8738b5dce21e010535601e8fb871360cc570e3c5f66558e80	17006	assets/cdn.prod.website-files.com/67b5a02dc5d338960b17a7e9/69458c78c9825ebb795d2e81_LN1-p-500.webp	https://cdn.prod.website-files.com/67b5a02dc5d338960b17a7e9/69458c78c9825ebb795d2e81_LN1-p-500.webp
d0c32741b6dda77b49db01465b492f27845914e053dc513f9b416f3dc12266c6	36566	assets/cdn.prod.website-files.com/67b5a02dc5d338960b17a7e9/69458c78c9825ebb795d2e81_LN1-p-800.webp	https://cdn.prod.website-files.com/67b5a02dc5d338960b17a7e9/69458c78c9825ebb795d2e81_LN1-p-800.webp
76cbdb723cf1e08ebe891e73cbe7c92b9527a74740f6863f5a10b11705c7e85a	18771	assets/cdn.prod.website-files.com/67b5a02dc5d338960b17a7e9/67d4349e00e6b7904f3746a3_ln4-ln4-collab-logo-ralph.svg	https://cdn.prod.website-files.com/67b5a02dc5d338960b17a7e9/67d4349e00e6b7904f3746a3_ln4-ln4-collab-logo-ralph.svg
1282b8dd2e611347c6718cde56e59f2a3198235d400bf2d5947f7966a31bc42f	6032	assets/cdn.prod.website-files.com/67b5a02dc5d338960b17a7e9/67efc88c532235956e5d267a_ln4-ln4-collab-logo-quadrant.svg	https://cdn.prod.website-files.com/67b5a02dc5d338960b17a7e9/67efc88c532235956e5d267a_ln4-ln4-collab-logo-quadrant.svg
313f3925c9701d1dcb87ef1829357c467001a18ad7dab8044404ca892b156284	13996	assets/cdn.prod.website-files.com/67b5a02dc5d338960b17a7e9/67d435767c599270fb721513_ln4-ln4-collab-logo-mind.svg	https://cdn.prod.website-files.com/67b5a02dc5d338960b17a7e9/67d435767c599270fb721513_ln4-ln4-collab-logo-mind.svg
ea90122e3b475f43e9c3d2b41216886a9808da9a176c07d45753038e01b2e28c	2923	assets/cdn.prod.website-files.com/67b5a02dc5d338960b17a7e9/67efc88cf1d78e3e7624d5e3_ln4-ln4-collab-logo-ps4.svg	https://cdn.prod.website-files.com/67b5a02dc5d338960b17a7e9/67efc88cf1d78e3e7624d5e3_ln4-ln4-collab-logo-ps4.svg
636d6dbeb77a223f0100265c8c9da48d099456fb780ce6b89e7207fea0042a56	1635	assets/cdn.prod.website-files.com/67b5a02dc5d338960b17a7e9/68d294a99b218abd71dc0764_ln4-ln4-collab-logo-uber.svg	https://cdn.prod.website-files.com/67b5a02dc5d338960b17a7e9/68d294a99b218abd71dc0764_ln4-ln4-collab-logo-uber.svg
4ab311273b90cada55e7d3e51c2ff7e904fcd403eecff0d5da7e51b77fac4e57	2830	assets/cdn.prod.website-files.com/67b5a02dc5d338960b17a7e9/68dbd5d7a8a302c07e91904d_ln4-ln4-collab-google.svg	https://cdn.prod.website-files.com/67b5a02dc5d338960b17a7e9/68dbd5d7a8a302c07e91904d_ln4-ln4-collab-google.svg
4a8f601b35256dbf94d6a94243da0067f60469a4f21dcaca8bccada5c90b6e43	10757	assets/cdn.prod.website-files.com/67b5a02dc5d338960b17a7e9/68dbd5d72c50967c2195c702_ln4-ln4-collab-bell-helmets.svg	https://cdn.prod.website-files.com/67b5a02dc5d338960b17a7e9/68dbd5d72c50967c2195c702_ln4-ln4-collab-bell-helmets.svg
5b7eaecd051d6140d16e5df40fa02b3fd1d6e1361164f243d4bd652a51bfd4b7	4115	assets/cdn.prod.website-files.com/67b5a02dc5d338960b17a7e9/68dbd5d718fcdbf76afbcc45_ln4-ln4-collab-pure-electric.svg	https://cdn.prod.website-files.com/67b5a02dc5d338960b17a7e9/68dbd5d718fcdbf76afbcc45_ln4-ln4-collab-pure-electric.svg
2cb142e142d7f37be9b0b5a8565a43cd1e3e0f6967ffd8f69bbe60e34dbff6d8	2553	assets/cdn.prod.website-files.com/67b5a02dc5d338960b17a7e9/68dbd5d7e14222573f46ebdb_ln4-ln4-collab-lnkart.svg	https://cdn.prod.website-files.com/67b5a02dc5d338960b17a7e9/68dbd5d7e14222573f46ebdb_ln4-ln4-collab-lnkart.svg
9b41ba0c6935776d9c10ed22b7ac9799e408f4269916de713e276260ce278b2c	3254	assets/cdn.prod.website-files.com/67b5a02dc5d338960b17a7e9/67efc88cb3373daa7ba240d6_ln4-ln4-collab-logo-tumi.svg	https://cdn.prod.website-files.com/67b5a02dc5d338960b17a7e9/67efc88cb3373daa7ba240d6_ln4-ln4-collab-logo-tumi.svg
1282b8dd2e611347c6718cde56e59f2a3198235d400bf2d5947f7966a31bc42f	6032	assets/cdn.prod.website-files.com/67d97a68478fe87e30c67abe/67ded2d59a2773f9b6518792_ln4-ln4-collab-logo-quadrant.svg	https://cdn.prod.website-files.com/67d97a68478fe87e30c67abe/67ded2d59a2773f9b6518792_ln4-ln4-collab-logo-quadrant.svg
50ef1d784b8a44e3f9d895bb06d75d8cc7701de687fa6739bbbea43b93ad012e	4975	assets/cdn.prod.website-files.com/67b5a02dc5d338960b17a7e9/67efc88c1939bc87931c2599_ln4-ln4-collab-logo-hilton.svg	https://cdn.prod.website-files.com/67b5a02dc5d338960b17a7e9/67efc88c1939bc87931c2599_ln4-ln4-collab-logo-hilton.svg
9b41ba0c6935776d9c10ed22b7ac9799e408f4269916de713e276260ce278b2c	3254	assets/cdn.prod.website-files.com/67d97a68478fe87e30c67abe/67ded2eb42843bae575a6892_ln4-ln4-collab-logo-tumi.svg	https://cdn.prod.website-files.com/67d97a68478fe87e30c67abe/67ded2eb42843bae575a6892_ln4-ln4-collab-logo-tumi.svg
313f3925c9701d1dcb87ef1829357c467001a18ad7dab8044404ca892b156284	13996	assets/cdn.prod.website-files.com/67d97a68478fe87e30c67abe/67ded30422d52b417b838a96_ln4-ln4-collab-logo-mind.svg	https://cdn.prod.website-files.com/67d97a68478fe87e30c67abe/67ded30422d52b417b838a96_ln4-ln4-collab-logo-mind.svg
76cbdb723cf1e08ebe891e73cbe7c92b9527a74740f6863f5a10b11705c7e85a	18771	assets/cdn.prod.website-files.com/67d97a68478fe87e30c67abe/67ded2c281ae5431777106b2_ln4-ln4-collab-logo-ralph.svg	https://cdn.prod.website-files.com/67d97a68478fe87e30c67abe/67ded2c281ae5431777106b2_ln4-ln4-collab-logo-ralph.svg
ea90122e3b475f43e9c3d2b41216886a9808da9a176c07d45753038e01b2e28c	2923	assets/cdn.prod.website-files.com/67d97a68478fe87e30c67abe/67ded2a099f418db1d37323c_ln4-ln4-collab-logo-ps4.svg	https://cdn.prod.website-files.com/67d97a68478fe87e30c67abe/67ded2a099f418db1d37323c_ln4-ln4-collab-logo-ps4.svg
bfdb5a387e6eed34870c39f75da7c20571dcb3376d733e5d53d3a6641b8f4c45	22691	assets/cdn.prod.website-files.com/67b5a02dc5d338960b17a7e9/67d43b0fcd3d4512a46df889_ln-collabs-rive-placeholder.svg	https://cdn.prod.website-files.com/67b5a02dc5d338960b17a7e9/67d43b0fcd3d4512a46df889_ln-collabs-rive-placeholder.svg
328f1004baec3f0589002b5553849d14eb43b8462291cf536962011c135b7a44	39502	assets/cdn.prod.website-files.com/67b5a02dc5d338960b17a7e9/68d3ba846e593e52541fb7a8_Lando-6-on-track-p-500.webp	https://cdn.prod.website-files.com/67b5a02dc5d338960b17a7e9/68d3ba846e593e52541fb7a8_Lando-6-on-track-p-500.webp
66d499405af0d016f3637dc444f306900f7ea3768d67be2b36f3057ebffae21b	67766	assets/cdn.prod.website-files.com/67b5a02dc5d338960b17a7e9/68d3ba846e593e52541fb7a8_Lando-6-on-track-p-800.webp	https://cdn.prod.website-files.com/67b5a02dc5d338960b17a7e9/68d3ba846e593e52541fb7a8_Lando-6-on-track-p-800.webp
8737c870a2d762bfb99e796234c1eb723212e51d8163ce94f1f15ca760601e1a	85142	assets/cdn.prod.website-files.com/67b5a02dc5d338960b17a7e9/68d3ba846e593e52541fb7a8_Lando-6-on-track.webp	https://cdn.prod.website-files.com/67b5a02dc5d338960b17a7e9/68d3ba846e593e52541fb7a8_Lando-6-on-track.webp
c6d1942bd98ec4d667ee6dcf777874269a12c5e9c687ba8a6f5461fea49a1e1f	77566	assets/cdn.prod.website-files.com/67b5a02dc5d338960b17a7e9/6830302d42237886d0c4b24c_ln-social-img-2.webp	https://cdn.prod.website-files.com/67b5a02dc5d338960b17a7e9/6830302d42237886d0c4b24c_ln-social-img-2.webp
272a7cc8626f5f0ba9a3cd146c092b52f942c76102494f791925380cb488186e	25946	assets/cdn.prod.website-files.com/67b5a02dc5d338960b17a7e9/68d3ba8463e72a95c2d8a0ba_Lando-4-off-track-p-500.webp	https://cdn.prod.website-files.com/67b5a02dc5d338960b17a7e9/68d3ba8463e72a95c2d8a0ba_Lando-4-off-track-p-500.webp
8f01691e1c3cb735073fc31f77d0564484f6c8bced6c1d9989aacae2c6be02c0	67346	assets/cdn.prod.website-files.com/67b5a02dc5d338960b17a7e9/68d3ba8463e72a95c2d8a0ba_Lando-4-off-track.webp	https://cdn.prod.website-files.com/67b5a02dc5d338960b17a7e9/68d3ba8463e72a95c2d8a0ba_Lando-4-off-track.webp
70946c916eb440f9ab31f6a26e3b0bdc8356ff783e74d39798330266047c0715	60200	assets/cdn.prod.website-files.com/67b5a02dc5d338960b17a7e9/6830302d42237886d0c4b24c_ln-social-img-2-p-500.webp	https://cdn.prod.website-files.com/67b5a02dc5d338960b17a7e9/6830302d42237886d0c4b24c_ln-social-img-2-p-500.webp
3a83c8f11d113d9644b4a20b137b9e7016eb50e3d517e8855d30f9d62980c634	48122	assets/cdn.prod.website-files.com/67b5a02dc5d338960b17a7e9/68d3ba8463e72a95c2d8a0ba_Lando-4-off-track-p-800.webp	https://cdn.prod.website-files.com/67b5a02dc5d338960b17a7e9/68d3ba8463e72a95c2d8a0ba_Lando-4-off-track-p-800.webp
bc7120fd616682bb747c74a93a8ac8f9c985bd71b5bb105688ade699f43550ca	64988	assets/cdn.prod.website-files.com/67b5a02dc5d338960b17a7e9/68d3ba8449f0506fbaad037b_Lano-5-on-track.webp	https://cdn.prod.website-files.com/67b5a02dc5d338960b17a7e9/68d3ba8449f0506fbaad037b_Lano-5-on-track.webp
9b14cda466d018fd0699be745fb5148cf26177a8dd14852ae20a806bf9a86828	49784	assets/cdn.prod.website-files.com/67b5a02dc5d338960b17a7e9/68d3ba848fb98d1ca68eb6c8_Lando-5-off-track-p-800.webp	https://cdn.prod.website-files.com/67b5a02dc5d338960b17a7e9/68d3ba848fb98d1ca68eb6c8_Lando-5-off-track-p-800.webp
f5e227525e2259189ada431d83f9ca104d94ec6c45f25355f2877b387db28d3d	70638	assets/cdn.prod.website-files.com/67b5a02dc5d338960b17a7e9/68d3ba848fb98d1ca68eb6c8_Lando-5-off-track.webp	https://cdn.prod.website-files.com/67b5a02dc5d338960b17a7e9/68d3ba848fb98d1ca68eb6c8_Lando-5-off-track.webp
b65723f1a60ac6e640cd6ccbc7ddf7ca783a1eef34d73cae085bef479bc8760c	26922	assets/cdn.prod.website-files.com/67b5a02dc5d338960b17a7e9/68d3ba848fb98d1ca68eb6c8_Lando-5-off-track-p-500.webp	https://cdn.prod.website-files.com/67b5a02dc5d338960b17a7e9/68d3ba848fb98d1ca68eb6c8_Lando-5-off-track-p-500.webp
e7afbed498a288adbc01ff8daa1bd0933cf167a2027d7f64b726d3730e2f468d	30110	assets/cdn.prod.website-files.com/67b5a02dc5d338960b17a7e9/68d3ba8449f0506fbaad037b_Lano-5-on-track-p-500.webp	https://cdn.prod.website-files.com/67b5a02dc5d338960b17a7e9/68d3ba8449f0506fbaad037b_Lano-5-on-track-p-500.webp
9577f3112322d70c5e8ea5ed45db927d8241a257b19c1729ae886ec02ca3562a	48760	assets/cdn.prod.website-files.com/67b5a02dc5d338960b17a7e9/68d3ba83f162f4d2f4e78442_Lando-6-off-track.webp	https://cdn.prod.website-files.com/67b5a02dc5d338960b17a7e9/68d3ba83f162f4d2f4e78442_Lando-6-off-track.webp
a58d266744edcba9a3b75aa2f5ee1a5cd21b14b38302843e475ecab8ac75074b	40686	assets/cdn.prod.website-files.com/67b5a02dc5d338960b17a7e9/6830302dadd0727e6ac034dd_ln-social-img-6-p-500.webp	https://cdn.prod.website-files.com/67b5a02dc5d338960b17a7e9/6830302dadd0727e6ac034dd_ln-social-img-6-p-500.webp
10fe95611e7944f2220700d88827b15d13f0e35827c582d98c6c0c990433598f	51438	assets/cdn.prod.website-files.com/67b5a02dc5d338960b17a7e9/68d3ba8449f0506fbaad037b_Lano-5-on-track-p-800.webp	https://cdn.prod.website-files.com/67b5a02dc5d338960b17a7e9/68d3ba8449f0506fbaad037b_Lano-5-on-track-p-800.webp
6b5b390cc938f79c2aba3c96834ace6bc89983c3cbc1235abc73a4ab09680678	18272	assets/cdn.prod.website-files.com/67b5a02dc5d338960b17a7e9/68d3ba83f162f4d2f4e78442_Lando-6-off-track-p-500.webp	https://cdn.prod.website-files.com/67b5a02dc5d338960b17a7e9/68d3ba83f162f4d2f4e78442_Lando-6-off-track-p-500.webp
dc5e02cdd4e623bfaaca2945e5047f656216c009882f14f091efc1151b075919	33640	assets/cdn.prod.website-files.com/67b5a02dc5d338960b17a7e9/68d3ba83f162f4d2f4e78442_Lando-6-off-track-p-800.webp	https://cdn.prod.website-files.com/67b5a02dc5d338960b17a7e9/68d3ba83f162f4d2f4e78442_Lando-6-off-track-p-800.webp
81304e484574a4556db9195cc227c379c2c50f9116793c15a539cc183ee3a9b6	19274	assets/cdn.prod.website-files.com/67b5a02dc5d338960b17a7e9/67d443bc774ddcd37b3d8d4d_ln4-footer-rive-placeholder.svg	https://cdn.prod.website-files.com/67b5a02dc5d338960b17a7e9/67d443bc774ddcd37b3d8d4d_ln4-footer-rive-placeholder.svg
557abbcdcbdc910ffdfe51dff73a3971611b470d4f6edca64575b07bcec12e73	49966	assets/cdn.prod.website-files.com/67b5a02dc5d338960b17a7e9/6830302dadd0727e6ac034dd_ln-social-img-6.webp	https://cdn.prod.website-files.com/67b5a02dc5d338960b17a7e9/6830302dadd0727e6ac034dd_ln-social-img-6.webp
fbb5d405c6d5e92be4862492111e4023c7bba8c8b86c413b8895f3a42c458973	25984	assets/cdn.prod.website-files.com/67b5a02dc5d338960b17a7e9/67d43d6e276c436a378a1da6_ln-360-helm-1-p-500.webp	https://cdn.prod.website-files.com/67b5a02dc5d338960b17a7e9/67d43d6e276c436a378a1da6_ln-360-helm-1-p-500.webp
71304cf6d7be3512e3b3ab3ab2ffbb9c04f5623c0ce5ccc630ac4c092925e661	29667	assets/cdn.prod.website-files.com/67b5a02dc5d338960b17a7e9/67d33eb40292f3a5fef32ed3_ln4-footer-logo-add-c.svg	https://cdn.prod.website-files.com/67b5a02dc5d338960b17a7e9/67d33eb40292f3a5fef32ed3_ln4-footer-logo-add-c.svg
4885ed95af33f984f1e267ab627d8a13a998a3cb65e469702771bf93201763f1	2869	assets/cdn.prod.website-files.com/67b5a02dc5d338960b17a7e9/68dbd5d7361eb2ca03ba0929_ln4-footer-logo-google.svg	https://cdn.prod.website-files.com/67b5a02dc5d338960b17a7e9/68dbd5d7361eb2ca03ba0929_ln4-footer-logo-google.svg
174207bc078638bae11cea8324faf2b667d98861dd762f751e7a2ceafae68e6e	114916	assets/cdn.prod.website-files.com/67b5a02dc5d338960b17a7e9/67d43d6e276c436a378a1da6_ln-360-helm-1.webp	https://cdn.prod.website-files.com/67b5a02dc5d338960b17a7e9/67d43d6e276c436a378a1da6_ln-360-helm-1.webp
cc873092ace8c7fbc99981b78022520f23d6a22d4d6b76e06ef785143282498a	30140	assets/cdn.prod.website-files.com/67b5a02dc5d338960b17a7e9/68dbd5d722f5ba2f4074cbe7_ln4-footer-logo-ralph-lauren.svg	https://cdn.prod.website-files.com/67b5a02dc5d338960b17a7e9/68dbd5d722f5ba2f4074cbe7_ln4-footer-logo-ralph-lauren.svg
78d3638fdb308784f4a320eb2783eb27dead8a2c291ed92286c2739e951c54ba	75080	assets/cdn.prod.website-files.com/67b5a02dc5d338960b17a7e9/67d43d6e276c436a378a1da6_ln-360-helm-1-p-1080.webp	https://cdn.prod.website-files.com/67b5a02dc5d338960b17a7e9/67d43d6e276c436a378a1da6_ln-360-helm-1-p-1080.webp
1f9646014b135613aca802e80a9d864e0af5c2626a6f9d89abee1d0d0fd2da53	2421	assets/cdn.prod.website-files.com/67b5a02dc5d338960b17a7e9/68dbd5d70a9e147b77952c0d_ln4-footer-logo-android.svg	https://cdn.prod.website-files.com/67b5a02dc5d338960b17a7e9/68dbd5d70a9e147b77952c0d_ln4-footer-logo-android.svg
a5b3997799d365fe54486928e7d72f5ca273bfb68888d29eb0d8f8ba2a0d26f3	50476	assets/cdn.prod.website-files.com/67b5a02dc5d338960b17a7e9/67d43d6e276c436a378a1da6_ln-360-helm-1-p-800.webp	https://cdn.prod.website-files.com/67b5a02dc5d338960b17a7e9/67d43d6e276c436a378a1da6_ln-360-helm-1-p-800.webp
14f432798f1cda2fb702d97df1fe5745ef492d8a2b89cf616f1dce470406e0b4	11603	assets/cdn.prod.website-files.com/67b5a02dc5d338960b17a7e9/68dbd5d7564fc5a9fccf822f_ln4-footer-logo-pap.svg	https://cdn.prod.website-files.com/67b5a02dc5d338960b17a7e9/68dbd5d7564fc5a9fccf822f_ln4-footer-logo-pap.svg
795cedb70b0d514aaa2f9118a6411533f9885b759c52f06dbfd076577334e584	4989	assets/cdn.prod.website-files.com/67b5a02dc5d338960b17a7e9/68dbd5d74d2804b912ed1fcc_ln4-footer-logo-hilton.svg	https://cdn.prod.website-files.com/67b5a02dc5d338960b17a7e9/68dbd5d74d2804b912ed1fcc_ln4-footer-logo-hilton.svg
99d1c01f1461008992f3f80826741cd6d06b39915e3e322b8cafa05ed9f240ff	36667	assets/cdn.prod.website-files.com/67b5a02dc5d338960b17a7e9/68dbd5d761eeca9060e00622_ln4-footer-logo-monster.svg	https://cdn.prod.website-files.com/67b5a02dc5d338960b17a7e9/68dbd5d761eeca9060e00622_ln4-footer-logo-monster.svg
f5fe07b3c45076d4bb514979b037745040b6851bb733811a284f3bb1aec90f7a	7284	assets/cdn.prod.website-files.com/67b5a02dc5d338960b17a7e9/67dbeba158707fa1cd5e5e45_blobs_footer_1.svg	https://cdn.prod.website-files.com/67b5a02dc5d338960b17a7e9/67dbeba158707fa1cd5e5e45_blobs_footer_1.svg
bb4c0003021f8855c2d9103c5436247c47b3a969b7d7607714e7451f40304549	1062	assets/cdn.prod.website-files.com/67b5a02dc5d338960b17a7e9/js/lando-offbrand.751e0867.148dc658e77a3916.js	https://cdn.prod.website-files.com/67b5a02dc5d338960b17a7e9/js/lando-offbrand.751e0867.148dc658e77a3916.js
907fb6ae414537ef8f59c9f0d0a09a7afd0f9ea954ab2483026fb1e22c25fe51	36025	assets/cdn.prod.website-files.com/67b5a02dc5d338960b17a7e9/js/lando-offbrand.schunk.79b71263bda4d666.js	https://cdn.prod.website-files.com/67b5a02dc5d338960b17a7e9/js/lando-offbrand.schunk.79b71263bda4d666.js
4405c453e971864eb42095d4a2bfa59901ef633e6bb96576704ce4773bec21b4	1285	assets/cdn.prod.website-files.com/67b5a02dc5d338960b17a7e9/67d847cd483aba2443c36b45_ln4-flag-UK.svg	https://cdn.prod.website-files.com/67b5a02dc5d338960b17a7e9/67d847cd483aba2443c36b45_ln4-flag-UK.svg
2cef4af996f27a631c08f24492bb60f1ce2b61c90601b8ad046760771f451125	768	assets/cdn.prod.website-files.com/67d97a68478fe87e30c67abe/67e02b692a635bdc4c50a03f_ln4-flag-Netherlands.svg	https://cdn.prod.website-files.com/67d97a68478fe87e30c67abe/67e02b692a635bdc4c50a03f_ln4-flag-Netherlands.svg
a9578f269c198b72d2a38b16057ba8875858180bd292c6a07c6e5088a438cbba	149458	assets/cdn.prod.website-files.com/67b5a02dc5d338960b17a7e9/68303e09745f01934455a83e_ln-podium-Emilia Romagna GP 2022.webp	https://cdn.prod.website-files.com/67b5a02dc5d338960b17a7e9/68303e09745f01934455a83e_ln-podium-Emilia%20Romagna%20GP%202022.webp
7c5a263df6ae0baec968f70cdd3e81c73feb1315b7a5e306b06463f097991dee	113030	assets/cdn.prod.website-files.com/67b5a02dc5d338960b17a7e9/68303e09f8dd0a25893e615d_ln-podium-Singapore GP 2024.webp	https://cdn.prod.website-files.com/67b5a02dc5d338960b17a7e9/68303e09f8dd0a25893e615d_ln-podium-Singapore%20GP%202024.webp
3f208c38c0fe32e95e5ee52a210adc2ccbb97e5b4b2dffc945ce3f1b68f70bfc	65806	assets/cdn.prod.website-files.com/67b5a02dc5d338960b17a7e9/68303e09a8ef4882167f5bfd_ln-podium-Abu Dhabi GP 2024.webp	https://cdn.prod.website-files.com/67b5a02dc5d338960b17a7e9/68303e09a8ef4882167f5bfd_ln-podium-Abu%20Dhabi%20GP%202024.webp
618dfb3ea7c8fdc5536ef06af5450cdcccafd4f2da6eea460a37a544c48b905b	30120	assets/cdn.prod.website-files.com/67b5a02dc5d338960b17a7e9/68303e094f762cdbc5f540d0_ln-podium-United States GP 2023.webp	https://cdn.prod.website-files.com/67b5a02dc5d338960b17a7e9/68303e094f762cdbc5f540d0_ln-podium-United%20States%20GP%202023.webp
1da7ad676fb9ce083d6303554ca28d22fea42edf5944b805570128f7a9eebcf1	41192	assets/cdn.prod.website-files.com/67b5a02dc5d338960b17a7e9/68303e09022941a1f11c719c_ln-podium-Miami GP 2024.webp	https://cdn.prod.website-files.com/67b5a02dc5d338960b17a7e9/68303e09022941a1f11c719c_ln-podium-Miami%20GP%202024.webp
38b64cc858229b95fbd75ec210a94c247a698b29c8e0f99960ebcc55e95dca47	39562	assets/cdn.prod.website-files.com/67b5a02dc5d338960b17a7e9/68303e096f159710aa69162a_ln-podium-Dutch GP 2024.webp	https://cdn.prod.website-files.com/67b5a02dc5d338960b17a7e9/68303e096f159710aa69162a_ln-podium-Dutch%20GP%202024.webp
d09998acc4e7c19841f1e5c814e7d9bf2b8bd7bc7db81be8bd5dc42df528c16f	42222	assets/cdn.prod.website-files.com/67b5a02dc5d338960b17a7e9/68303e09a8ef4882167f5bd6_ln-podium-Australian GP 2025.webp	https://cdn.prod.website-files.com/67b5a02dc5d338960b17a7e9/68303e09a8ef4882167f5bd6_ln-podium-Australian%20GP%202025.webp
d816fe01a27e8b04b4411ed5cd0d82e8802fdc6d586cfa2c9dbb2908061b9be8	40292	assets/cdn.prod.website-files.com/67b5a02dc5d338960b17a7e9/68303e0938be905268253fd8_ln-podium-Monaco GP 2021.webp	https://cdn.prod.website-files.com/67b5a02dc5d338960b17a7e9/68303e0938be905268253fd8_ln-podium-Monaco%20GP%202021.webp
682d8ff5fb32498af547efbefabf320de92ceb97224e84d5528c12d55c0a89ce	40610	assets/cdn.prod.website-files.com/67b5a02dc5d338960b17a7e9/68303e09b41b74ad758a7f2e_ln-podium-Austrian GP 2020.webp	https://cdn.prod.website-files.com/67b5a02dc5d338960b17a7e9/68303e09b41b74ad758a7f2e_ln-podium-Austrian%20GP%202020.webp
4a400a96a49d830756360268d392fc384abe9d762e2dccb3674eed1490984ee4	56056	assets/cdn.prod.website-files.com/67b5a02dc5d338960b17a7e9/68303e09a8ef4882167f5bde_ln-podium-Lando Australia 2025.webp	https://cdn.prod.website-files.com/67b5a02dc5d338960b17a7e9/68303e09a8ef4882167f5bde_ln-podium-Lando%20Australia%202025.webp
5aa181a98386b45b1b18f0353d5d0587143115b4754e3189e782be8a5687c737	4104	assets/cdn.iubenda.com/cs/iubenda_cs.js	https://cdn.iubenda.com/cs/iubenda_cs.js
2ed16e14872feedff8fa8caa1a73b4d6f11b18170235fc5b1835842dbca749db	42410	assets/cdn.prod.website-files.com/67d97a68478fe87e30c67abe/6910e4bdef71283ceaaaaf7c_lando-brazil.webp	https://cdn.prod.website-files.com/67d97a68478fe87e30c67abe/6910e4bdef71283ceaaaaf7c_lando-brazil.webp
a0c328c42ae3853d05e2225166764822d52d18b0e782913679c8b8d8dd04619a	32540	assets/cdn.prod.website-files.com/67b5a02dc5d338960b17a7e9/68303e09a8ef4882167f5bde_ln-podium-Lando Australia 2025-p-500.webp	https://cdn.prod.website-files.com/67b5a02dc5d338960b17a7e9/68303e09a8ef4882167f5bde_ln-podium-Lando%20Australia%202025-p-500.webp
f7f6a5894f1d19ddad6fa392b2ece2c5e578cbf7da4ea805b6885eb6985b6e3d	89476	assets/d3e54v103j8qbb.cloudfront.net/js/jquery-3.5.1.min.dc5e7f18c8.js	https://d3e54v103j8qbb.cloudfront.net/js/jquery-3.5.1.min.dc5e7f18c8.js?site=67b5a02dc5d338960b17a7e9
992df6ff686fc938fb2e4ca091ad3a0c3c3fd45bb3c5bf02150baf0cb2334e08	2734	assets/cdn.prod.website-files.com/67d97a68478fe87e30c67abe/67e02cca06a4f0bcad744855_ln4-flag-Brazil.png	https://cdn.prod.website-files.com/67d97a68478fe87e30c67abe/67e02cca06a4f0bcad744855_ln4-flag-Brazil.png
1850251172547d8f15cecdb84f41ffd4095c8f8551fc78ca9a59975b9ed64565	804	assets/cdn.prod.website-files.com/67d97a68478fe87e30c67abe/67e6b93bf4e8892026600422_shanghai.svg	https://cdn.prod.website-files.com/67d97a68478fe87e30c67abe/67e6b93bf4e8892026600422_shanghai.svg
326835499bbab304c1ba8222a6dcfe7cbb7cc72d4e39457141357ef0c871a0ce	55474	assets/cdn.prod.website-files.com/67b5a02dc5d338960b17a7e9/68303e09a8ef4882167f5bde_ln-podium-Lando Australia 2025-p-800.webp	https://cdn.prod.website-files.com/67b5a02dc5d338960b17a7e9/68303e09a8ef4882167f5bde_ln-podium-Lando%20Australia%202025-p-800.webp
04fccc6814d9650f26d4a6da8c5d450bfca353eb01a03a8b467ded2e194bab09	6201	assets/cs.iubenda.com/sync/2095750.js	https://cs.iubenda.com/sync/2095750.js
4405c453e971864eb42095d4a2bfa59901ef633e6bb96576704ce4773bec21b4	1285	assets/cdn.prod.website-files.com/67d97a68478fe87e30c67abe/67e02c5d68e84cb0b53857b1_ln4-flag-UK.svg	https://cdn.prod.website-files.com/67d97a68478fe87e30c67abe/67e02c5d68e84cb0b53857b1_ln4-flag-UK.svg
e8b8adbacb3559b8b2329ccc380844a455ef212bb1357dfed11137ddaffe6857	10937	assets/cdn.prod.website-files.com/67d97a68478fe87e30c67abe/67e6b9b0d1d5c369ef6e824a_silverstone.svg	https://cdn.prod.website-files.com/67d97a68478fe87e30c67abe/67e6b9b0d1d5c369ef6e824a_silverstone.svg
15aef1bbc386a67f1cc8973b9d55bf925e2afacd7eb605b8de65cbd82ce0c4f3	7358	assets/cdn.prod.website-files.com/67d97a68478fe87e30c67abe/67e6b9428f35e69829405bf2_monaco.svg	https://cdn.prod.website-files.com/67d97a68478fe87e30c67abe/67e6b9428f35e69829405bf2_monaco.svg
a77df08d5feb2027ac32b9dfccade157e1924dbeeb1536a7cd3ba81016767bef	391	assets/cdn.prod.website-files.com/67d97a68478fe87e30c67abe/67e02b595cbde22c4828fc37_ln4-flag-Monaco.svg	https://cdn.prod.website-files.com/67d97a68478fe87e30c67abe/67e02b595cbde22c4828fc37_ln4-flag-Monaco.svg
0d7bdc9cf4eef129afd9d542ae9bab1e6584aa3b5366c2e510a2a8b659cb05eb	2758	assets/cdn.prod.website-files.com/67d97a68478fe87e30c67abe/67e02ca7bc20675ff4b811f7_ln4-flag-Australia.svg	https://cdn.prod.website-files.com/67d97a68478fe87e30c67abe/67e02ca7bc20675ff4b811f7_ln4-flag-Australia.svg
f0579d8b237f734af939771555af924e3f0d7e86fdf4283aec7ca90d1cab88d6	218588	assets/cdn.prod.website-files.com/67d97a68478fe87e30c67abe/687e5afc3c31f988c5ce2ec4_LandoBritishGP25.jpg	https://cdn.prod.website-files.com/67d97a68478fe87e30c67abe/687e5afc3c31f988c5ce2ec4_LandoBritishGP25.jpg
38a60472315061b272b5b6dfabd5e31865e7b7ebe3100cbc4b8903cf1af90c86	5805	assets/cdn.prod.website-files.com/67d97a68478fe87e30c67abe/67e6b96ec0e262fb26980f54_melbourne.svg	https://cdn.prod.website-files.com/67d97a68478fe87e30c67abe/67e6b96ec0e262fb26980f54_melbourne.svg
ade774c81193180007b4816b72b615c984c9dcc7f51813ac93bfb6c6231aef7b	45672	assets/cdn.prod.website-files.com/67d97a68478fe87e30c67abe/68d83f314814d0df92af7224_lando - hover image - abu 2024.webp	https://cdn.prod.website-files.com/67d97a68478fe87e30c67abe/68d83f314814d0df92af7224_lando%20-%20hover%20image%20-%20abu%202024.webp
d9b3fea1ef3a2486e123c8d6dab4dc55ece2fce8d9f1081d1685cdca56861c18	1406	assets/cdn.prod.website-files.com/67d97a68478fe87e30c67abe/67e6b9e3705d1a50d024cefd_yas-marina.svg	https://cdn.prod.website-files.com/67d97a68478fe87e30c67abe/67e6b9e3705d1a50d024cefd_yas-marina.svg
d37fe91c8550613f9548cfd4205cf28163733d980ae0269bee3818ab45630257	770	assets/cdn.prod.website-files.com/67d97a68478fe87e30c67abe/67e02cf7aefc55f749a2647d_ln4-flag-Abu-Dabi.svg	https://cdn.prod.website-files.com/67d97a68478fe87e30c67abe/67e02cf7aefc55f749a2647d_ln4-flag-Abu-Dabi.svg
7794d661925e92e6e80e54b965acfbf97b17f5832d36e65ba048f05bb7c7b3e1	247910	assets/cdn.prod.website-files.com/67d97a68478fe87e30c67abe/6880e88dd8fdd751582c581d_LandoAus25.webp	https://cdn.prod.website-files.com/67d97a68478fe87e30c67abe/6880e88dd8fdd751582c581d_LandoAus25.webp
e4181079c82956b839b37d6385797ad25c6710e5c667e8bdf87a23fcfd55ace4	298635	assets/cdn.prod.website-files.com/67d97a68478fe87e30c67abe/687e5b78f7107dcbb5c89e23_LandoMonaco25.jpg	https://cdn.prod.website-files.com/67d97a68478fe87e30c67abe/687e5b78f7107dcbb5c89e23_LandoMonaco25.jpg
66a3a5eae144ce853c28b1af074ee215290ad5e1127428d496639f6b4a3cc6e9	2473	assets/cdn.prod.website-files.com/67d97a68478fe87e30c67abe/67e6b9227e77bb6c6c720d09_singapore.svg	https://cdn.prod.website-files.com/67d97a68478fe87e30c67abe/67e6b9227e77bb6c6c720d09_singapore.svg
a431f673b9ccfd4f5668935f9c4ee839b08be2596c94f09e4bb078b297080909	1839	assets/cdn.prod.website-files.com/67d97a68478fe87e30c67abe/67e02b32b0a9560a829bf11c_ln4-flag-Singapore.svg	https://cdn.prod.website-files.com/67d97a68478fe87e30c67abe/67e02b32b0a9560a829bf11c_ln4-flag-Singapore.svg
c1f03ef48e52ab00ba939c85a5ffaa7862e504b47fef053bb363dde508255d42	58584	assets/cdn.prod.website-files.com/67d97a68478fe87e30c67abe/68d83f4611793e72dd5d3c0b_lando - hover image - miami 2024.webp	https://cdn.prod.website-files.com/67d97a68478fe87e30c67abe/68d83f4611793e72dd5d3c0b_lando%20-%20hover%20image%20-%20miami%202024.webp
6ce1bfb96a19def019db8bc1b0dd3033ada7a26246cc9e2100ee34c3f0338fd2	6614	assets/cdn.prod.website-files.com/67d97a68478fe87e30c67abe/67e02b48c95ae0a662d55700_ln4-flag-USA.svg	https://cdn.prod.website-files.com/67d97a68478fe87e30c67abe/67e02b48c95ae0a662d55700_ln4-flag-USA.svg
eb152d126ea1adf6742c5d612975793207c3a359356f10f2290d13384ba61b1f	1806	assets/cdn.prod.website-files.com/67d97a68478fe87e30c67abe/67e6b95ed3d2262c4baf3b4f_miami.svg	https://cdn.prod.website-files.com/67d97a68478fe87e30c67abe/67e6b95ed3d2262c4baf3b4f_miami.svg
0750d652c940a8819ec07942f6c25541a9354a7a436997bda0df3e3017346d88	20348	assets/cdn.prod.website-files.com/67b5a02dc5d338960b17a7e9/68303e9014e85b90d9085ad4_ln-on-t-horiz-1.webp	https://cdn.prod.website-files.com/67b5a02dc5d338960b17a7e9/68303e9014e85b90d9085ad4_ln-on-t-horiz-1.webp
700f5a3ca7a6f302fd75b12d0d4973d6bc313b2e89721ac04e8455bdd83a4467	30446	assets/cdn.prod.website-files.com/67b5a02dc5d338960b17a7e9/68303e90745f0193445603af_ln-on-t-horiz-2.webp	https://cdn.prod.website-files.com/67b5a02dc5d338960b17a7e9/68303e90745f0193445603af_ln-on-t-horiz-2.webp
0113ad42a7bf0225004d278fe233563b0dd899a0d77a31271d57ea0ad693d82f	253488	assets/cdn.prod.website-files.com/67d97a68478fe87e30c67abe/6880bfc5787be733022da054_LandoSingaporeWin24.webp	https://cdn.prod.website-files.com/67d97a68478fe87e30c67abe/6880bfc5787be733022da054_LandoSingaporeWin24.webp
e969adce967dddacfc8d9d615ba73612c625f227ef0fed3ae776d271593123f8	103690	assets/cdn.prod.website-files.com/67b5a02dc5d338960b17a7e9/67d955edd4de2eb118421e59_ln4-on-track-scroll-img3.webp	https://cdn.prod.website-files.com/67b5a02dc5d338960b17a7e9/67d955edd4de2eb118421e59_ln4-on-track-scroll-img3.webp
66bddaf693374a7216f96906daf469d046329b19ca492a74dce1d3116f1e141c	15678	assets/cdn.prod.website-files.com/67b5a02dc5d338960b17a7e9/68303e9014e85b90d9085ad4_ln-on-t-horiz-1-p-500.webp	https://cdn.prod.website-files.com/67b5a02dc5d338960b17a7e9/68303e9014e85b90d9085ad4_ln-on-t-horiz-1-p-500.webp
620dc6f9f9e5a767b1bd7a4eb6c9f7b431f1899afb06cb1ab30091c1d79b93c1	58178	assets/cdn.prod.website-files.com/67b5a02dc5d338960b17a7e9/67d955edd4de2eb118421e59_ln4-on-track-scroll-img3-p-1080.webp	https://cdn.prod.website-files.com/67b5a02dc5d338960b17a7e9/67d955edd4de2eb118421e59_ln4-on-track-scroll-img3-p-1080.webp
c67e49616d4ddb05729f7e684d4cf87ffb98df44f0cf05dbc7a2dedfd69db085	21110	assets/cdn.prod.website-files.com/67b5a02dc5d338960b17a7e9/68303e90745f0193445603af_ln-on-t-horiz-2-p-500.webp	https://cdn.prod.website-files.com/67b5a02dc5d338960b17a7e9/68303e90745f0193445603af_ln-on-t-horiz-2-p-500.webp
9c4516692ea51797e256ab28b912847c2274857ae2ac62292e53a270551687b4	20280	assets/cdn.prod.website-files.com/67b5a02dc5d338960b17a7e9/67d955edd4de2eb118421e59_ln4-on-track-scroll-img3-p-500.webp	https://cdn.prod.website-files.com/67b5a02dc5d338960b17a7e9/67d955edd4de2eb118421e59_ln4-on-track-scroll-img3-p-500.webp
e6fc5d1adb2155817ed85aec04b2d4460f418dea73084916cd19ba8dfdb0fd75	91010	assets/cdn.prod.website-files.com/67b5a02dc5d338960b17a7e9/67d955edd4de2eb118421e59_ln4-on-track-scroll-img3-p-1600.webp	https://cdn.prod.website-files.com/67b5a02dc5d338960b17a7e9/67d955edd4de2eb118421e59_ln4-on-track-scroll-img3-p-1600.webp
c66407e6d73de60027ce161e18b718e437be150be55e0a4f5d6c61efc5012808	38304	assets/cdn.prod.website-files.com/67b5a02dc5d338960b17a7e9/67d955edd4de2eb118421e59_ln4-on-track-scroll-img3-p-800.webp	https://cdn.prod.website-files.com/67b5a02dc5d338960b17a7e9/67d955edd4de2eb118421e59_ln4-on-track-scroll-img3-p-800.webp
4181dc9cdd7bb828c804dc39a443b7a90c35c2acd03314fb8107ce6160795ff3	52124	assets/cdn.prod.website-files.com/67b5a02dc5d338960b17a7e9/67d95625da39dd4f8ef7dce7_ln4-on-track-scroll-img4.webp	https://cdn.prod.website-files.com/67b5a02dc5d338960b17a7e9/67d95625da39dd4f8ef7dce7_ln4-on-track-scroll-img4.webp
21a59c25eda56470482254b33fa5b4b591fa4f13375310645f57689dea36bb5f	16478	assets/cdn.prod.website-files.com/67b5a02dc5d338960b17a7e9/67d0350ea945b9600438ac76_ln-icon-crossed-flags.svg	https://cdn.prod.website-files.com/67b5a02dc5d338960b17a7e9/67d0350ea945b9600438ac76_ln-icon-crossed-flags.svg
83ea20524b550948ae9d67613ee62fcbe984008dcb934a698b06e2339d8acb13	56586	assets/cdn.prod.website-files.com/67b5a02dc5d338960b17a7e9/67d955eda1a903a8a63754a7_ln4-on-track-scroll-img5.webp	https://cdn.prod.website-files.com/67b5a02dc5d338960b17a7e9/67d955eda1a903a8a63754a7_ln4-on-track-scroll-img5.webp
42762911ffbf786feb6bdfcc0019e4852c76c2bfaabea285faf5afd98e06cdbc	44716	assets/cdn.prod.website-files.com/67b5a02dc5d338960b17a7e9/67d963fb414eee985ba72cb6_pre-f1-car-img.webp	https://cdn.prod.website-files.com/67b5a02dc5d338960b17a7e9/67d963fb414eee985ba72cb6_pre-f1-car-img.webp
62d38b3876c94142c12f8a63cd6f3070df3e5e4f078db1ac332b226c2715107f	25042	assets/cdn.prod.website-files.com/67b5a02dc5d338960b17a7e9/67d963fb414eee985ba72cb6_pre-f1-car-img-p-500.webp	https://cdn.prod.website-files.com/67b5a02dc5d338960b17a7e9/67d963fb414eee985ba72cb6_pre-f1-car-img-p-500.webp
f1d28c3f955529bb7c2cee3a03bf811e0b6a7c44dfdb746bb6ef33757ef28d10	37666	assets/cdn.prod.website-files.com/67b5a02dc5d338960b17a7e9/67d95625da39dd4f8ef7dce7_ln4-on-track-scroll-img4-p-500.webp	https://cdn.prod.website-files.com/67b5a02dc5d338960b17a7e9/67d95625da39dd4f8ef7dce7_ln4-on-track-scroll-img4-p-500.webp
1a669d693f50d0add8395380b7d58d38983bbe49c90044d30119d89f81853f54	31792	assets/cdn.prod.website-files.com/67b5a02dc5d338960b17a7e9/67d955eda1a903a8a63754a7_ln4-on-track-scroll-img5-p-500.webp	https://cdn.prod.website-files.com/67b5a02dc5d338960b17a7e9/67d955eda1a903a8a63754a7_ln4-on-track-scroll-img5-p-500.webp
1285f4ce03e28645363420fbdba81a0fc157af074b937999a425af9460ff3905	86242	assets/cdn.prod.website-files.com/67b5a02dc5d338960b17a7e9/68303ebd394e3e9ebdc8e99e_ln-f1-car-img-2.webp	https://cdn.prod.website-files.com/67b5a02dc5d338960b17a7e9/68303ebd394e3e9ebdc8e99e_ln-f1-car-img-2.webp
00c85183fcfa34c986b9c55980a87d7b2e4700a28b213754fb90b17e9acfb896	624	assets/cdn.prod.website-files.com/67b5a02dc5d338960b17a7e9/67e44614d20fa1a0842c69bc_ln4-track-vis-mobile-top.svg	https://cdn.prod.website-files.com/67b5a02dc5d338960b17a7e9/67e44614d20fa1a0842c69bc_ln4-track-vis-mobile-top.svg
2d2aacd294cb90e09e85b2719a7f89396f4b6ecb9109ed025183698bae5d2e6b	684	assets/cdn.prod.website-files.com/67b5a02dc5d338960b17a7e9/67e44614d20fa1a0842c69b8_ln4-track-vis-mobile-middle.svg	https://cdn.prod.website-files.com/67b5a02dc5d338960b17a7e9/67e44614d20fa1a0842c69b8_ln4-track-vis-mobile-middle.svg
1a7dd0206771b5525be1454db59a4b3043fa741a9f930993ebb916ed699e32d0	43560	assets/cdn.prod.website-files.com/67b5a02dc5d338960b17a7e9/67d963fb414eee985ba72cb6_pre-f1-car-img-p-800.webp	https://cdn.prod.website-files.com/67b5a02dc5d338960b17a7e9/67d963fb414eee985ba72cb6_pre-f1-car-img-p-800.webp
aebe9f69398d5107ca0f0a1a7d42861a11f75151bc1ef26c82b7f3e017940fbe	43816	assets/cdn.prod.website-files.com/67b5a02dc5d338960b17a7e9/68303ebd394e3e9ebdc8e99e_ln-f1-car-img-2-p-500.webp	https://cdn.prod.website-files.com/67b5a02dc5d338960b17a7e9/68303ebd394e3e9ebdc8e99e_ln-f1-car-img-2-p-500.webp
f39c1cd7ec3c012038f7e260835e774ac14c81d3e7fb7d6e300fe98202a8ca02	81384	assets/cdn.prod.website-files.com/67b5a02dc5d338960b17a7e9/68303ebd394e3e9ebdc8e99e_ln-f1-car-img-2-p-800.webp	https://cdn.prod.website-files.com/67b5a02dc5d338960b17a7e9/68303ebd394e3e9ebdc8e99e_ln-f1-car-img-2-p-800.webp
7bd352ac03b08e25218b957a4d995fa1ee0b0bea5f0d170910907b1b39d22864	678	assets/cdn.prod.website-files.com/67b5a02dc5d338960b17a7e9/67e446142a7000c477c6e943_ln4-track-vis-mobile-bottom.svg	https://cdn.prod.website-files.com/67b5a02dc5d338960b17a7e9/67e446142a7000c477c6e943_ln4-track-vis-mobile-bottom.svg
04f7fe126f5dbaa230990305e25e126679cdd3f628ef26ab81684fa49d8f0850	776	assets/cdn.prod.website-files.com/67b5a02dc5d338960b17a7e9/67d9a787cb8c1b228ddf54f9_ln-calendar-track-frame-segment.svg	https://cdn.prod.website-files.com/67b5a02dc5d338960b17a7e9/67d9a787cb8c1b228ddf54f9_ln-calendar-track-frame-segment.svg
0d7bdc9cf4eef129afd9d542ae9bab1e6584aa3b5366c2e510a2a8b659cb05eb	2758	assets/cdn.prod.website-files.com/67b5a02dc5d338960b17a7e9/67d847cd592531828bd88498_ln4-flag-Australia.svg	https://cdn.prod.website-files.com/67b5a02dc5d338960b17a7e9/67d847cd592531828bd88498_ln4-flag-Australia.svg
512ae540e0babdacebad378a8d67a925e57a6c3a07e7143c97b537ddcb4e644f	772	assets/cdn.prod.website-files.com/67d97a68478fe87e30c67abe/67e02c562400d3782e18c6c2_ln4-flag-Italy.svg	https://cdn.prod.website-files.com/67d97a68478fe87e30c67abe/67e02c562400d3782e18c6c2_ln4-flag-Italy.svg
77db56cf7daf64846460b6a2fbfd4eee8aa2270fa5cf2c49b489d43b345e7e23	2286	assets/cdn.prod.website-files.com/67d97a68478fe87e30c67abe/67e02bccbdea44f6b2b79c78_ln4-flag-Spain.png	https://cdn.prod.website-files.com/67d97a68478fe87e30c67abe/67e02bccbdea44f6b2b79c78_ln4-flag-Spain.png
5dac5c7ca738b87c1e4875c2be3229a2e45119c276dcab5050157ce2061f70a6	1224	assets/cdn.prod.website-files.com/67d97a68478fe87e30c67abe/67e02cdf22140410bbc1aa85_ln4-flag-Azerbaijan.svg	https://cdn.prod.website-files.com/67d97a68478fe87e30c67abe/67e02cdf22140410bbc1aa85_ln4-flag-Azerbaijan.svg
9ce61d34c8e52286b2cfeb7258ad29fd9a965a7b6f52bc671768338a8347c9a6	638	assets/cdn.prod.website-files.com/67b5a02dc5d338960b17a7e9/67daf55e8e952bf4d31414e7_ln4-list-track-bg.svg	https://cdn.prod.website-files.com/67b5a02dc5d338960b17a7e9/67daf55e8e952bf4d31414e7_ln4-list-track-bg.svg
5caa2add07037c11d11cc51dacea397e7030fc4547751e4150c9283e365710d4	33422	assets/cdn.prod.website-files.com/67b5a02dc5d338960b17a7e9/67d19dded0cc2582410c1ae5_ln4-otot-home-end-img-p-500.webp	https://cdn.prod.website-files.com/67b5a02dc5d338960b17a7e9/67d19dded0cc2582410c1ae5_ln4-otot-home-end-img-p-500.webp
2a28c54d147e5161be81e5553ddff6e0f8d9b127b9ccc88610de2e896435585f	100226	assets/cdn.prod.website-files.com/67b5a02dc5d338960b17a7e9/67d19dded0cc2582410c1ae5_ln4-otot-home-end-img-p-1080.webp	https://cdn.prod.website-files.com/67b5a02dc5d338960b17a7e9/67d19dded0cc2582410c1ae5_ln4-otot-home-end-img-p-1080.webp
cd7c6895c4abad59059b908f239b07e4aa64b9d4dae403aa8bed81b3a8b38162	65594	assets/cdn.prod.website-files.com/67b5a02dc5d338960b17a7e9/67d19dded0cc2582410c1ae5_ln4-otot-home-end-img-p-800.webp	https://cdn.prod.website-files.com/67b5a02dc5d338960b17a7e9/67d19dded0cc2582410c1ae5_ln4-otot-home-end-img-p-800.webp
875eccf1e58ae152a7c7e668e3e293bfe4c230f1a9e63a830db6eb67e6f0da67	442520	assets/cdn.prod.website-files.com/67b5a02dc5d338960b17a7e9/67d19dded0cc2582410c1ae5_ln4-otot-home-end-img.webp	https://cdn.prod.website-files.com/67b5a02dc5d338960b17a7e9/67d19dded0cc2582410c1ae5_ln4-otot-home-end-img.webp
8e1da457c82518c2de8dc190a140e28084632639a1c438dac4ae526e37529408	170122	assets/cdn.prod.website-files.com/67b5a02dc5d338960b17a7e9/67d19dded0cc2582410c1ae5_ln4-otot-home-end-img-p-1600.webp	https://cdn.prod.website-files.com/67b5a02dc5d338960b17a7e9/67d19dded0cc2582410c1ae5_ln4-otot-home-end-img-p-1600.webp
8274dfe82bb21f7266208d35ab55928efd0f61ba478e5f21a2ce1b9803b7d8ee	227294	assets/cdn.prod.website-files.com/67b5a02dc5d338960b17a7e9/67d19dded0cc2582410c1ae5_ln4-otot-home-end-img-p-2000.webp	https://cdn.prod.website-files.com/67b5a02dc5d338960b17a7e9/67d19dded0cc2582410c1ae5_ln4-otot-home-end-img-p-2000.webp
bb84289f517e49b3201e2cf5270bdcc6af5e6461889a0aa8ca85819b3f65bb2f	379864	assets/cdn.prod.website-files.com/67b5a02dc5d338960b17a7e9/67d19dded0cc2582410c1ae5_ln4-otot-home-end-img-p-3200.webp	https://cdn.prod.website-files.com/67b5a02dc5d338960b17a7e9/67d19dded0cc2582410c1ae5_ln4-otot-home-end-img-p-3200.webp
73966f49257514a6f10c8b643e7ea623d0e179dd051267139a3761e3603a9cab	62686	assets/cdn.prod.website-files.com/67b5a02dc5d338960b17a7e9/68d3ba8492066d8f173a3829_Lando-2-on-track.webp	https://cdn.prod.website-files.com/67b5a02dc5d338960b17a7e9/68d3ba8492066d8f173a3829_Lando-2-on-track.webp
fc26ce2391034458757956d97c338d0c3d2897b3c55f931357226c3760b7e06d	46012	assets/cdn.prod.website-files.com/67b5a02dc5d338960b17a7e9/68d3ba8492066d8f173a3829_Lando-2-on-track-p-800.webp	https://cdn.prod.website-files.com/67b5a02dc5d338960b17a7e9/68d3ba8492066d8f173a3829_Lando-2-on-track-p-800.webp
ea38c95020bdcc95c5b73e545592ff3a86ba0f35bfab624769d00127d2ff41e7	26170	assets/cdn.prod.website-files.com/67b5a02dc5d338960b17a7e9/68d3ba8492066d8f173a3829_Lando-2-on-track-p-500.webp	https://cdn.prod.website-files.com/67b5a02dc5d338960b17a7e9/68d3ba8492066d8f173a3829_Lando-2-on-track-p-500.webp
7127cc9023c44f287b82b9067e834c220a711f31772ae13bed3f03f4717d6995	76670	assets/cdn.prod.website-files.com/67b5a02dc5d338960b17a7e9/68d3ba844680bf9a8d9104dd_Lando-3-ontrack.webp	https://cdn.prod.website-files.com/67b5a02dc5d338960b17a7e9/68d3ba844680bf9a8d9104dd_Lando-3-ontrack.webp
0ee1599ef3fd050b739e8c75dac5a989efa43d834065e4756dea2de69edffd02	59920	assets/cdn.prod.website-files.com/67b5a02dc5d338960b17a7e9/68d3ba844680bf9a8d9104dd_Lando-3-ontrack-p-800.webp	https://cdn.prod.website-files.com/67b5a02dc5d338960b17a7e9/68d3ba844680bf9a8d9104dd_Lando-3-ontrack-p-800.webp
67da89d7b03d74d22196c7322f65c69a334da1e8b3eb81fff1f4a554910eb4b1	97672	assets/cdn.prod.website-files.com/67b5a02dc5d338960b17a7e9/67dec619f04087548a886340_img_1.webp	https://cdn.prod.website-files.com/67b5a02dc5d338960b17a7e9/67dec619f04087548a886340_img_1.webp
487a1bf4f361fc345514901faa3b95d239c0b37b77c7ecdd0538d04951898066	35210	assets/cdn.prod.website-files.com/67b5a02dc5d338960b17a7e9/68d3ba844680bf9a8d9104dd_Lando-3-ontrack-p-500.webp	https://cdn.prod.website-files.com/67b5a02dc5d338960b17a7e9/68d3ba844680bf9a8d9104dd_Lando-3-ontrack-p-500.webp
50b18e03486fec1053f4e2967404f72e222f0c96aac009164561ab21ad8a026c	72536	assets/cdn.prod.website-files.com/67b5a02dc5d338960b17a7e9/67dec619b9bcdeb6007ab6ba_img_2.webp	https://cdn.prod.website-files.com/67b5a02dc5d338960b17a7e9/67dec619b9bcdeb6007ab6ba_img_2.webp
b0472a1932485116c57ef9ab8ebce0388992efe2730d6d89caf93a43861a86ac	319962	assets/cdn.prod.website-files.com/67b5a02dc5d338960b17a7e9/67d19dded0cc2582410c1ae5_ln4-otot-home-end-img-p-2600.webp	https://cdn.prod.website-files.com/67b5a02dc5d338960b17a7e9/67d19dded0cc2582410c1ae5_ln4-otot-home-end-img-p-2600.webp
62ec5ec33e5acc476ce2aedd2220910aa7a7c4b5e75864bfc815e2befef40760	83778	assets/cdn.prod.website-files.com/67b5a02dc5d338960b17a7e9/67dec619f8cbb0251a481918_img_4.webp	https://cdn.prod.website-files.com/67b5a02dc5d338960b17a7e9/67dec619f8cbb0251a481918_img_4.webp
81dac58b1758aaf8196df1312d17c10fbeb498f2b48fb43d3dcbecda35a13d79	170742	assets/cdn.prod.website-files.com/67b5a02dc5d338960b17a7e9/67dec619a31cea90cb209f0f_img_3.webp	https://cdn.prod.website-files.com/67b5a02dc5d338960b17a7e9/67dec619a31cea90cb209f0f_img_3.webp
8ae6c32961ec99e8f0a47eb29da21b00d8da80d563caeab2255f3550c98d448e	193036	assets/cdn.prod.website-files.com/67b5a02dc5d338960b17a7e9/67dec61999f418db1d2df02a_img_5.webp	https://cdn.prod.website-files.com/67b5a02dc5d338960b17a7e9/67dec61999f418db1d2df02a_img_5.webp
91776ff92f2b24e3b2aeaba6a4e618f5194d26cae7616ee614f5b567b957ecb4	19436	assets/cdn.prod.website-files.com/67b5a02dc5d338960b17a7e9/67e6f5a3f04ccc44a7983593_ln4-off-t-h-img-13.webp	https://cdn.prod.website-files.com/67b5a02dc5d338960b17a7e9/67e6f5a3f04ccc44a7983593_ln4-off-t-h-img-13.webp
3f8cc340aa22fc5d71f49a9bd15d41f811a8b3846c2344ca9952dfa6cf3aa907	34356	assets/cdn.prod.website-files.com/67b5a02dc5d338960b17a7e9/68d3ba832675c25de8a8a3b5_Lando-3-off-track.webp	https://cdn.prod.website-files.com/67b5a02dc5d338960b17a7e9/68d3ba832675c25de8a8a3b5_Lando-3-off-track.webp
68f2c8794a284b0fb2e15b8c38dfff955163907dfb08781b8f8043f28adcfe94	15288	assets/cdn.prod.website-files.com/67b5a02dc5d338960b17a7e9/67e6f5a320344c1a7fbe5bf8_ln4-off-t-h-img-9.webp	https://cdn.prod.website-files.com/67b5a02dc5d338960b17a7e9/67e6f5a320344c1a7fbe5bf8_ln4-off-t-h-img-9.webp
dd450c15267739f21377e0f5b4d329a7cd9a72665aeb0e9f9f57f99d7ded3ac9	42376	assets/cdn.prod.website-files.com/67b5a02dc5d338960b17a7e9/67d037f8b05ff4dd37b33e66_ln4-home-scroll-offt-img5.webp	https://cdn.prod.website-files.com/67b5a02dc5d338960b17a7e9/67d037f8b05ff4dd37b33e66_ln4-home-scroll-offt-img5.webp
47874a33b3ece173c5643a0bd6f36a3e0c5a69bca1cd48d866e9fb3591a92251	38396	assets/cdn.prod.website-files.com/67b5a02dc5d338960b17a7e9/67e6f5a36cf95bb6c26af86b_ln4-off-t-h-img-1.webp	https://cdn.prod.website-files.com/67b5a02dc5d338960b17a7e9/67e6f5a36cf95bb6c26af86b_ln4-off-t-h-img-1.webp
bcae39e00f1ae9d0199b74d1d29b424238ebf96ebf912f5e14b91a36dc97609d	126386	assets/cdn.prod.website-files.com/67b5a02dc5d338960b17a7e9/67e6f5a36049bceca35ec211_ln4-off-t-h-img-5.webp	https://cdn.prod.website-files.com/67b5a02dc5d338960b17a7e9/67e6f5a36049bceca35ec211_ln4-off-t-h-img-5.webp
068c2cf756b41c512c14539b1a1084a14341968640cf4b969cfe7ca18ccf4967	18842	assets/cdn.prod.website-files.com/67b5a02dc5d338960b17a7e9/67e6f5a36cf95bb6c26af86b_ln4-off-t-h-img-1-p-500.webp	https://cdn.prod.website-files.com/67b5a02dc5d338960b17a7e9/67e6f5a36cf95bb6c26af86b_ln4-off-t-h-img-1-p-500.webp
490e403182550da94b1b993c506e37299109ac17ba950362f5def6a35503c3ae	99034	assets/cdn.prod.website-files.com/67b5a02dc5d338960b17a7e9/67e6f5a359ef1f3a44ffda8f_ln4-off-t-h-img-11.webp	https://cdn.prod.website-files.com/67b5a02dc5d338960b17a7e9/67e6f5a359ef1f3a44ffda8f_ln4-off-t-h-img-11.webp
58bb1f5ba571d261b942e910ea61227adf24981b67b20dea06f48b56d596f31e	31640	assets/cdn.prod.website-files.com/67b5a02dc5d338960b17a7e9/67e6f5a36cf95bb6c26af86b_ln4-off-t-h-img-1-p-800.webp	https://cdn.prod.website-files.com/67b5a02dc5d338960b17a7e9/67e6f5a36cf95bb6c26af86b_ln4-off-t-h-img-1-p-800.webp
18799dcb8fde2fd12293cdfffee13ab09db8b129721f64239f5b1071cbd866ab	27150	assets/cdn.prod.website-files.com/67b5a02dc5d338960b17a7e9/67e6f5a359ef1f3a44ffda8f_ln4-off-t-h-img-11-p-500.webp	https://cdn.prod.website-files.com/67b5a02dc5d338960b17a7e9/67e6f5a359ef1f3a44ffda8f_ln4-off-t-h-img-11-p-500.webp
9cd20cfa46a3f745fb7c6cae2b3d00954560f85e94cf92205ec0cce865260845	21508	assets/cdn.prod.website-files.com/67b5a02dc5d338960b17a7e9/67e6f5a3449c4f2b5e4c5485_ln4-off-t-h-img-12.webp	https://cdn.prod.website-files.com/67b5a02dc5d338960b17a7e9/67e6f5a3449c4f2b5e4c5485_ln4-off-t-h-img-12.webp
a25178434741ebe9c0de2a49e2516e620bbf1c8dd385b27c2070d74066ce2ce3	43594	assets/cdn.prod.website-files.com/67b5a02dc5d338960b17a7e9/67e6f5a3b5e49e3f051e3b0d_ln4-off-t-h-img-2.webp	https://cdn.prod.website-files.com/67b5a02dc5d338960b17a7e9/67e6f5a3b5e49e3f051e3b0d_ln4-off-t-h-img-2.webp
b82aa1be60728c6db782c02764f727647783a9431e59f4c2594b8dbab315dd89	48538	assets/cdn.prod.website-files.com/67b5a02dc5d338960b17a7e9/67e6f5a359ef1f3a44ffda8f_ln4-off-t-h-img-11-p-800.webp	https://cdn.prod.website-files.com/67b5a02dc5d338960b17a7e9/67e6f5a359ef1f3a44ffda8f_ln4-off-t-h-img-11-p-800.webp
d73ab2be97a37a11455383acf0dcdbaf50029e00931fe6453d98a4992676ca3b	71198	assets/cdn.prod.website-files.com/67b5a02dc5d338960b17a7e9/67e6f5a359ef1f3a44ffda8f_ln4-off-t-h-img-11-p-1080.webp	https://cdn.prod.website-files.com/67b5a02dc5d338960b17a7e9/67e6f5a359ef1f3a44ffda8f_ln4-off-t-h-img-11-p-1080.webp
3038cb0e8502a1090589f6a9a98c2637a7d8615ddc699f3bbd0e5fc6cdd5c1c5	13314	assets/cdn.prod.website-files.com/67b5a02dc5d338960b17a7e9/67e6f5a3f04ccc44a7983593_ln4-off-t-h-img-13-p-500.webp	https://cdn.prod.website-files.com/67b5a02dc5d338960b17a7e9/67e6f5a3f04ccc44a7983593_ln4-off-t-h-img-13-p-500.webp
ec77bd0a7c28c5dbac310cbbf4645de4ca5cc768ecf8f35e157b62c730a75866	16278	assets/cdn.prod.website-files.com/67b5a02dc5d338960b17a7e9/67e6f5a3449c4f2b5e4c5485_ln4-off-t-h-img-12-p-500.webp	https://cdn.prod.website-files.com/67b5a02dc5d338960b17a7e9/67e6f5a3449c4f2b5e4c5485_ln4-off-t-h-img-12-p-500.webp
9fc01d72e04fc3cbe03ebd78a91624fac1dfbaed1999cd8d5eb0259c0ed34d99	13088	assets/cdn.prod.website-files.com/67b5a02dc5d338960b17a7e9/67e6f5a3b5e49e3f051e3b0d_ln4-off-t-h-img-2-p-500.webp	https://cdn.prod.website-files.com/67b5a02dc5d338960b17a7e9/67e6f5a3b5e49e3f051e3b0d_ln4-off-t-h-img-2-p-500.webp
62c699860f17e1c92790a493cb728ebb8b326e9478aeecaa4f97d0dd56d0ff04	23002	assets/cdn.prod.website-files.com/67b5a02dc5d338960b17a7e9/67e6f5a3b5e49e3f051e3b0d_ln4-off-t-h-img-2-p-800.webp	https://cdn.prod.website-files.com/67b5a02dc5d338960b17a7e9/67e6f5a3b5e49e3f051e3b0d_ln4-off-t-h-img-2-p-800.webp
c63489145ea20afebab861a1eb9a51f6c1bfda7f00dcf099df35b97415994bbb	11880	assets/cdn.prod.website-files.com/67b5a02dc5d338960b17a7e9/67e6f5a3970315c5825bfa92_ln4-off-t-h-img-3.webp	https://cdn.prod.website-files.com/67b5a02dc5d338960b17a7e9/67e6f5a3970315c5825bfa92_ln4-off-t-h-img-3.webp
fda2a6d5c41029622499cdf49490d86f66dca5935c6d3d6d7e30351a63682770	34170	assets/cdn.prod.website-files.com/67b5a02dc5d338960b17a7e9/67e6f5a360724be28b58ddef_ln4-off-t-h-img-4.webp	https://cdn.prod.website-files.com/67b5a02dc5d338960b17a7e9/67e6f5a360724be28b58ddef_ln4-off-t-h-img-4.webp
8e9a253cd16540ed417d9a1deb2a54bc5632448ee6e92ba206d5d975736bf54c	33670	assets/cdn.prod.website-files.com/67b5a02dc5d338960b17a7e9/67e6f5a3b5e49e3f051e3b0d_ln4-off-t-h-img-2-p-1080.webp	https://cdn.prod.website-files.com/67b5a02dc5d338960b17a7e9/67e6f5a3b5e49e3f051e3b0d_ln4-off-t-h-img-2-p-1080.webp
56c5c1750059fd4176ca5b6026197c27f770dbc2bd51dea7a9dabcc39748e5e7	33192	assets/cdn.prod.website-files.com/67b5a02dc5d338960b17a7e9/67e6f5a36049bceca35ec211_ln4-off-t-h-img-5-p-500.webp	https://cdn.prod.website-files.com/67b5a02dc5d338960b17a7e9/67e6f5a36049bceca35ec211_ln4-off-t-h-img-5-p-500.webp
f557d860365a93e82ca18cb80ba44faddc7fc2e493a87a91ff9189acd66eb13e	17300	assets/cdn.prod.website-files.com/67b5a02dc5d338960b17a7e9/67e6f5a360724be28b58ddef_ln4-off-t-h-img-4-p-500.webp	https://cdn.prod.website-files.com/67b5a02dc5d338960b17a7e9/67e6f5a360724be28b58ddef_ln4-off-t-h-img-4-p-500.webp
4a932a729400055a30265c61fbb343cb641a85c06bcaf52586102efd6d5728fc	59776	assets/cdn.prod.website-files.com/67b5a02dc5d338960b17a7e9/67e6f5a36049bceca35ec211_ln4-off-t-h-img-5-p-800.webp	https://cdn.prod.website-files.com/67b5a02dc5d338960b17a7e9/67e6f5a36049bceca35ec211_ln4-off-t-h-img-5-p-800.webp
2b839e8454b49b9fe292c575c9140a1dd826e9cb635a22bde94e3e4f98c7d26f	36576	assets/cdn.prod.website-files.com/67b5a02dc5d338960b17a7e9/67e6f5a3f3044cc93bd6d190_ln4-off-t-h-img-7.webp	https://cdn.prod.website-files.com/67b5a02dc5d338960b17a7e9/67e6f5a3f3044cc93bd6d190_ln4-off-t-h-img-7.webp
e1feb1d81c4b2445f9515fddb11c1b86d9990b1ea41b5abab8151a5488869112	24018	assets/cdn.prod.website-files.com/67b5a02dc5d338960b17a7e9/67e6f5a3f3044cc93bd6d180_ln4-off-t-h-img-6.webp	https://cdn.prod.website-files.com/67b5a02dc5d338960b17a7e9/67e6f5a3f3044cc93bd6d180_ln4-off-t-h-img-6.webp
acc16d791a8231f1e93650d4ce44282056462edd381c2dc7965fe90456d03996	88044	assets/cdn.prod.website-files.com/67b5a02dc5d338960b17a7e9/67e6f5a36049bceca35ec211_ln4-off-t-h-img-5-p-1080.webp	https://cdn.prod.website-files.com/67b5a02dc5d338960b17a7e9/67e6f5a36049bceca35ec211_ln4-off-t-h-img-5-p-1080.webp
60646b432a02f2a8b85950d3c496339e2e23974c19789b0c0c9b3ea044e02943	37738	assets/cdn.prod.website-files.com/67b5a02dc5d338960b17a7e9/67e6f5a3970315c5825bfab8_ln4-off-t-h-img-8.webp	https://cdn.prod.website-files.com/67b5a02dc5d338960b17a7e9/67e6f5a3970315c5825bfab8_ln4-off-t-h-img-8.webp
8eef7b3f816180fd51d833e7fe0e00215f5dc5615a25451ab3e7b844f5507f50	18190	assets/cdn.prod.website-files.com/67b5a02dc5d338960b17a7e9/67e6f5a3f3044cc93bd6d180_ln4-off-t-h-img-6-p-500.webp	https://cdn.prod.website-files.com/67b5a02dc5d338960b17a7e9/67e6f5a3f3044cc93bd6d180_ln4-off-t-h-img-6-p-500.webp
cf3c4eb2977bbe25bf0c7d334a9e429b57de275cd53b02c0d5568fee1f7935cc	18124	assets/cdn.prod.website-files.com/67b5a02dc5d338960b17a7e9/67e6f5a3e187ff113d7357b7_ln4-off-t-h-img-10.webp	https://cdn.prod.website-files.com/67b5a02dc5d338960b17a7e9/67e6f5a3e187ff113d7357b7_ln4-off-t-h-img-10.webp
52c18df924c26468138e0d7ef1c46cd3cbb792f35b757ef74d2be19cb85f280e	22580	assets/cdn.prod.website-files.com/67b5a02dc5d338960b17a7e9/67e6f5a3970315c5825bfab8_ln4-off-t-h-img-8-p-1080.webp	https://cdn.prod.website-files.com/67b5a02dc5d338960b17a7e9/67e6f5a3970315c5825bfab8_ln4-off-t-h-img-8-p-1080.webp
f00785049d911358b2896a16de86f03f083c5a983a34927d9f1d84f6c3ece745	14618	assets/cdn.prod.website-files.com/67b5a02dc5d338960b17a7e9/67e6f5a320344c1a7fbe5bf8_ln4-off-t-h-img-9-p-500.webp	https://cdn.prod.website-files.com/67b5a02dc5d338960b17a7e9/67e6f5a320344c1a7fbe5bf8_ln4-off-t-h-img-9-p-500.webp
7d65342536607898c31c6fa9596f32757471c3848a4ca6205f4b8a8fcdf49682	7722	assets/cdn.prod.website-files.com/67b5a02dc5d338960b17a7e9/67e6f5a3970315c5825bfab8_ln4-off-t-h-img-8-p-500.webp	https://cdn.prod.website-files.com/67b5a02dc5d338960b17a7e9/67e6f5a3970315c5825bfab8_ln4-off-t-h-img-8-p-500.webp
042d2726a071db8b89a76aae05d8446586373da53418055ed22f671ea983dafc	14930	assets/cdn.prod.website-files.com/67b5a02dc5d338960b17a7e9/67e6f5a3970315c5825bfab8_ln4-off-t-h-img-8-p-800.webp	https://cdn.prod.website-files.com/67b5a02dc5d338960b17a7e9/67e6f5a3970315c5825bfab8_ln4-off-t-h-img-8-p-800.webp
79e1b6bd6e0ee61983c93524a822f20dc3dfe42234995d6455ddcd0cae2f57b8	64022	assets/cdn.prod.website-files.com/67b5a02dc5d338960b17a7e9/68d3ba84a9afe1bb21e662bc_Lando-2-off-track.webp	https://cdn.prod.website-files.com/67b5a02dc5d338960b17a7e9/68d3ba84a9afe1bb21e662bc_Lando-2-off-track.webp
95f82fa26cf294b6c0c460600c394b28ebb3d7a17318d8e004b739bc2093a369	47116	assets/cdn.prod.website-files.com/67b5a02dc5d338960b17a7e9/68d3ba84a9afe1bb21e662bc_Lando-2-off-track-p-800.webp	https://cdn.prod.website-files.com/67b5a02dc5d338960b17a7e9/68d3ba84a9afe1bb21e662bc_Lando-2-off-track-p-800.webp
9408bf7f2762e3548b1df31a6ad29669057e4e6bc1715f4e55e36a93c276e97e	27324	assets/cdn.prod.website-files.com/67b5a02dc5d338960b17a7e9/68d3ba84a9afe1bb21e662bc_Lando-2-off-track-p-500.webp	https://cdn.prod.website-files.com/67b5a02dc5d338960b17a7e9/68d3ba84a9afe1bb21e662bc_Lando-2-off-track-p-500.webp
2cd95f94c0b81ea2da324096d607833c8ad8410f8502ab4194ede54079fcd817	11320	assets/cdn.prod.website-files.com/67b5a02dc5d338960b17a7e9/67e6f5a3e187ff113d7357b7_ln4-off-t-h-img-10-p-500.webp	https://cdn.prod.website-files.com/67b5a02dc5d338960b17a7e9/67e6f5a3e187ff113d7357b7_ln4-off-t-h-img-10-p-500.webp
224a433fe03e5c314f66d75d6e0df7ae3fc47ee95c2aa2fd6e811b831f7fafc6	49514	assets/cdn.prod.website-files.com/67b5a02dc5d338960b17a7e9/6830302d0d1fe3e0522248a2_ln-social-img-3.webp	https://cdn.prod.website-files.com/67b5a02dc5d338960b17a7e9/6830302d0d1fe3e0522248a2_ln-social-img-3.webp
e42ee5babbb74994f0af3cd042ede805fd98c03da3b3599e0475e826da04afed	25696	assets/cdn.prod.website-files.com/67b5a02dc5d338960b17a7e9/68d3ba832675c25de8a8a3b5_Lando-3-off-track-p-800.webp	https://cdn.prod.website-files.com/67b5a02dc5d338960b17a7e9/68d3ba832675c25de8a8a3b5_Lando-3-off-track-p-800.webp
1b78dce7f994b151585877e29a4270cd7c480f6233f48064092e06612ed84cd1	44916	assets/cdn.prod.website-files.com/67b5a02dc5d338960b17a7e9/6830302d6b85d54663a29a08_ln-social-img-5.webp	https://cdn.prod.website-files.com/67b5a02dc5d338960b17a7e9/6830302d6b85d54663a29a08_ln-social-img-5.webp
2bfaa588914f9b28071cfd5cc6f8b2bc14070f8215c34b55ae24ceed5928874a	26798	assets/cdn.prod.website-files.com/67b5a02dc5d338960b17a7e9/6830302d0d1fe3e0522248a2_ln-social-img-3-p-500.webp	https://cdn.prod.website-files.com/67b5a02dc5d338960b17a7e9/6830302d0d1fe3e0522248a2_ln-social-img-3-p-500.webp
aae09d402a4b3bbd4f17b472d79ead7a8abb09d9d9922f6eed988538397b9db2	23954	assets/cdn.prod.website-files.com/67b5a02dc5d338960b17a7e9/6830302d6107aeb3b69a0414_ln-social-img-7.webp	https://cdn.prod.website-files.com/67b5a02dc5d338960b17a7e9/6830302d6107aeb3b69a0414_ln-social-img-7.webp
75de63a59ffecbd0563f61296fce08558d12c572ed130fd663b80562b438bf5f	14584	assets/cdn.prod.website-files.com/67b5a02dc5d338960b17a7e9/68d3ba832675c25de8a8a3b5_Lando-3-off-track-p-500.webp	https://cdn.prod.website-files.com/67b5a02dc5d338960b17a7e9/68d3ba832675c25de8a8a3b5_Lando-3-off-track-p-500.webp
2e353b6d1eb2e9bff696d02d8995a0e0bbaec2ea05e44e9a122f093c30b2a01a	1137	assets/cdn.prod.website-files.com/67d97a68478fe87e30c67abe/67e02b520e635e4ebfc71a15_ln4-flag-China.svg	https://cdn.prod.website-files.com/67d97a68478fe87e30c67abe/67e02b520e635e4ebfc71a15_ln4-flag-China.svg
c681511b266a74be24a590be8b6ca2b9dc333a4b3b4dd9f20cd12c7d71d5421c	32506	assets/cdn.prod.website-files.com/67b5a02dc5d338960b17a7e9/6830302d6b85d54663a29a08_ln-social-img-5-p-500.webp	https://cdn.prod.website-files.com/67b5a02dc5d338960b17a7e9/6830302d6b85d54663a29a08_ln-social-img-5-p-500.webp
01f268b99680b6e1bae83ec3fc0d9ec5b1bc155b949d3308037edbf9432de489	857	assets/cdn.prod.website-files.com/67d97a68478fe87e30c67abe/67e02c6ac95ae0a662d65330_ln4-flag-Japan.svg	https://cdn.prod.website-files.com/67d97a68478fe87e30c67abe/67e02c6ac95ae0a662d65330_ln4-flag-Japan.svg
36e570f264f14c8814789da66504b279e03488cbc90c297dd1fbab3b41a90fd2	18012	assets/cdn.prod.website-files.com/67b5a02dc5d338960b17a7e9/6830302d6107aeb3b69a0414_ln-social-img-7-p-500.webp	https://cdn.prod.website-files.com/67b5a02dc5d338960b17a7e9/6830302d6107aeb3b69a0414_ln-social-img-7-p-500.webp
7597899bdcf638916a3dd89915594b5a69dcad09b63c43b6d64617888580c213	798	assets/cdn.prod.website-files.com/67d97a68478fe87e30c67abe/67e02ce70be011b4a7c0bf13_ln4-flag-Bahrain.svg	https://cdn.prod.website-files.com/67d97a68478fe87e30c67abe/67e02ce70be011b4a7c0bf13_ln4-flag-Bahrain.svg
f1abf4a19f3fc3da9dcff04f1eccbcb073f21898d62194e6fa4cc34e761c405e	3460	assets/cdn.prod.website-files.com/67d97a68478fe87e30c67abe/67e6b9a3b653eaf5c4ea1261_suzuka.svg	https://cdn.prod.website-files.com/67d97a68478fe87e30c67abe/67e6b9a3b653eaf5c4ea1261_suzuka.svg
c6aa50e945627e152376652d0ebeaff2c2c822ab36b6310ebcdf0cd6127d8917	35907	assets/cdn.prod.website-files.com/67d97a68478fe87e30c67abe/67e02b60ed90c1081e0d27f9_ln4-flag-Saudi-Arabia.svg	https://cdn.prod.website-files.com/67d97a68478fe87e30c67abe/67e02b60ed90c1081e0d27f9_ln4-flag-Saudi-Arabia.svg
5786dc2811ca222782cde908dfdf5d39b3efc9da406e5095ee3f1503245c59b0	4716	assets/cdn.prod.website-files.com/67d97a68478fe87e30c67abe/67e6b9d5705d1a50d024c536_sakhir.svg	https://cdn.prod.website-files.com/67d97a68478fe87e30c67abe/67e6b9d5705d1a50d024c536_sakhir.svg
ff82d3705f709c0d9c05f8e52f00af8a870b53f4ca89ac18c0c816e65de70a9e	13977	assets/cdn.prod.website-files.com/67d97a68478fe87e30c67abe/67e02cbb06a4f0bcad743e27_ln4-flag-Canada.svg	https://cdn.prod.website-files.com/67d97a68478fe87e30c67abe/67e02cbb06a4f0bcad743e27_ln4-flag-Canada.svg
da6c74cbbc7a4af6ced0df2e193753928d76bcd242d1b3c79fae9e2de942c932	5222	assets/cdn.prod.website-files.com/67d97a68478fe87e30c67abe/67e6b95357e78b129e35d2aa_jeddah.svg	https://cdn.prod.website-files.com/67d97a68478fe87e30c67abe/67e6b95357e78b129e35d2aa_jeddah.svg
4f856cf4b5931ec7e8710d7491d7ab53b6e3f3cdef040f0cac99bf900e8735f7	391	assets/cdn.prod.website-files.com/67d97a68478fe87e30c67abe/67e02cf25e4717ddaccf0e80_ln4-flag-Austria.svg	https://cdn.prod.website-files.com/67d97a68478fe87e30c67abe/67e02cf25e4717ddaccf0e80_ln4-flag-Austria.svg
a672048effe68500fb75ff14fa254decd76fbb745b27e0f8982852e05ae0200b	2144	assets/cdn.prod.website-files.com/67d97a68478fe87e30c67abe/67e6b92d0c2f2d9fb8fa31a6_barcelona.svg	https://cdn.prod.website-files.com/67d97a68478fe87e30c67abe/67e6b92d0c2f2d9fb8fa31a6_barcelona.svg
e47e128cc85043e0df652dd9e1968743dde4ca1fbc0fe942b9b561a0c8106433	3476	assets/cdn.prod.website-files.com/67d97a68478fe87e30c67abe/67e6b9bc710b7a95e63ff16b_montreal.svg	https://cdn.prod.website-files.com/67d97a68478fe87e30c67abe/67e6b9bc710b7a95e63ff16b_montreal.svg
0a7223accfde12219ca5bf30482dd2fba423c42cab6141ff5e8fef851f9dd009	463	assets/cdn.prod.website-files.com/67d97a68478fe87e30c67abe/67e02cd86e1c07f5f092911e_ln4-flag-Belgium.svg	https://cdn.prod.website-files.com/67d97a68478fe87e30c67abe/67e02cd86e1c07f5f092911e_ln4-flag-Belgium.svg
49979734faf600bd6e0bdc07254184947a1b3b473930784234d38f6d166d5a4d	2338	assets/cdn.prod.website-files.com/67d97a68478fe87e30c67abe/67e6b9deef96dae785029163_speilberg.svg	https://cdn.prod.website-files.com/67d97a68478fe87e30c67abe/67e6b9deef96dae785029163_speilberg.svg
043f4a306bbb2ad82b203e3698a1f2ff0250ecc59fc43ccbecec9e74f93ad70c	765	assets/cdn.prod.website-files.com/67d97a68478fe87e30c67abe/67e02c63ce2c79cb6d5ad322_ln4-flag-Hungary.svg	https://cdn.prod.website-files.com/67d97a68478fe87e30c67abe/67e02c63ce2c79cb6d5ad322_ln4-flag-Hungary.svg
330fd096c5c7eef2be559497e4d15144c18d3d94e2fa62fb21281ed80aa3d4b8	3708	assets/cdn.prod.website-files.com/67d97a68478fe87e30c67abe/67e6b9a90045085496909902_mogyorod.svg	https://cdn.prod.website-files.com/67d97a68478fe87e30c67abe/67e6b9a90045085496909902_mogyorod.svg
55dd4fc30a3ee07dd7537f54c4ff4205f3ec4d787d14d68672abdffaf3ca5e77	2201	assets/cdn.prod.website-files.com/67d97a68478fe87e30c67abe/67e02b8f0b8b4f570a2af153_ln4-flag-Mexico.png	https://cdn.prod.website-files.com/67d97a68478fe87e30c67abe/67e02b8f0b8b4f570a2af153_ln4-flag-Mexico.png
90944038c846d6f6440e868081cfb56f29871fd440ae5ed65be99d2cfb672e48	671	assets/cdn.prod.website-files.com/67d97a68478fe87e30c67abe/67e02c71cd46156653ca8316_ln4-flag-Qatar.svg	https://cdn.prod.website-files.com/67d97a68478fe87e30c67abe/67e02c71cd46156653ca8316_ln4-flag-Qatar.svg
d71d759575d0d154976daedd4e85dff539d8aed38c6fa6de6426eed54aa7ba4e	2097	assets/cdn.prod.website-files.com/67d97a68478fe87e30c67abe/67e6b9c94faac9f5e9eb6272_spa-francorchamps.svg	https://cdn.prod.website-files.com/67d97a68478fe87e30c67abe/67e6b9c94faac9f5e9eb6272_spa-francorchamps.svg
37c2fa34277b810490c06d2f28b1613d15e9d2a1d7cc936658c820a32d992ee9	211262	assets/cdn.prod.website-files.com/67d97a68478fe87e30c67abe/6880c8d61a916cb07bfb76e9_LandoSaudi25.webp	https://cdn.prod.website-files.com/67d97a68478fe87e30c67abe/6880c8d61a916cb07bfb76e9_LandoSaudi25.webp
8be5aad67ed06b679e7337f7bb3341b06046875acccbd3709420c2f541521874	220878	assets/cdn.prod.website-files.com/67d97a68478fe87e30c67abe/6880c7d552c1c9b0c85d37ef_LandoChina25.webp	https://cdn.prod.website-files.com/67d97a68478fe87e30c67abe/6880c7d552c1c9b0c85d37ef_LandoChina25.webp
2a4543b5c65eee9918185765a0e890bbb2ce2fe0baa03cfeb0382d45c987676a	3463	assets/cdn.prod.website-files.com/67d97a68478fe87e30c67abe/67e6b9b7a11139b20c1ac99c_imola.svg	https://cdn.prod.website-files.com/67d97a68478fe87e30c67abe/67e6b9b7a11139b20c1ac99c_imola.svg
447e0a4cd05d55b3974bea99b62327ce660033ee0e6a6e25611be00e8628fb65	201920	assets/cdn.prod.website-files.com/67d97a68478fe87e30c67abe/6880c832ae184e1cd724aab7_LandoJapan25.webp	https://cdn.prod.website-files.com/67d97a68478fe87e30c67abe/6880c832ae184e1cd724aab7_LandoJapan25.webp
cdc6b8842a45135661e782a9ad386a6c9e803400dd1e1758d378787d88662492	252848	assets/cdn.prod.website-files.com/67d97a68478fe87e30c67abe/6880c87744b4c9aa6c6869c7_LandoBah25.webp	https://cdn.prod.website-files.com/67d97a68478fe87e30c67abe/6880c87744b4c9aa6c6869c7_LandoBah25.webp
3ee09b6511c24cef4df8db9e1831ce0ef6f9e8c72bf13130361b8802f74f5659	255834	assets/cdn.prod.website-files.com/67d97a68478fe87e30c67abe/6880c941e43808f212dfbb2a_LandoMiami25.webp	https://cdn.prod.website-files.com/67d97a68478fe87e30c67abe/6880c941e43808f212dfbb2a_LandoMiami25.webp
592bf1d1430f067918968e4078fa1b1634aa07765848295a8b30d00112e6d5f6	291280	assets/cdn.prod.website-files.com/67d97a68478fe87e30c67abe/6880e77cc8ec1a5aa0908a23_LandoImola25.webp	https://cdn.prod.website-files.com/67d97a68478fe87e30c67abe/6880e77cc8ec1a5aa0908a23_LandoImola25.webp
d7329bcaf0757cc4496fde6b63e80faa495492ed75bb2cc5471516ce272c1254	237356	assets/cdn.prod.website-files.com/67d97a68478fe87e30c67abe/6880e7d5f0a554ffccfb2944_LandoSpain25.webp	https://cdn.prod.website-files.com/67d97a68478fe87e30c67abe/6880e7d5f0a554ffccfb2944_LandoSpain25.webp
6972094f982d2890776b47d4889726a289138a4d7107894e90bfe48529f35cfb	198168	assets/cdn.prod.website-files.com/67d97a68478fe87e30c67abe/6880c76207ad28b7d7d48f12_LandoCanada25.webp	https://cdn.prod.website-files.com/67d97a68478fe87e30c67abe/6880c76207ad28b7d7d48f12_LandoCanada25.webp
c1223f85be4a793db51fb8edb24089c57f85119703120a0f9acd9d3ec99e92e7	39514	assets/cdn.prod.website-files.com/67d97a68478fe87e30c67abe/68d83f67b05af7e965da7c28_lando - hover image - belg 2025.webp	https://cdn.prod.website-files.com/67d97a68478fe87e30c67abe/68d83f67b05af7e965da7c28_lando%20-%20hover%20image%20-%20belg%202025.webp
64ca29add7db2cc7e68a9681a89eb9db63fb7516e0d65112640e769947210156	40564	assets/cdn.prod.website-files.com/67d97a68478fe87e30c67abe/68d83f71b6033920cd059509_lando - hover image - hungary 2025.webp	https://cdn.prod.website-files.com/67d97a68478fe87e30c67abe/68d83f71b6033920cd059509_lando%20-%20hover%20image%20-%20hungary%202025.webp
88b975dc67877a74bdfd45f733940218562d80e8d38ba67bbc5067bb4fd8e147	282614	assets/cdn.prod.website-files.com/67d97a68478fe87e30c67abe/6880c71dd7522eea9330e60d_LandoAustria25Win.webp	https://cdn.prod.website-files.com/67d97a68478fe87e30c67abe/6880c71dd7522eea9330e60d_LandoAustria25Win.webp
513e92da5cebde551745894018e59dab175e3d050b6fde5a055a9e99e51edde8	209672	assets/cdn.prod.website-files.com/67d97a68478fe87e30c67abe/68b5629f5c04fd699ab303d5_DutchGP25.webp	https://cdn.prod.website-files.com/67d97a68478fe87e30c67abe/68b5629f5c04fd699ab303d5_DutchGP25.webp
007a225c55cfe56b7c9c7d255ccf0f071659634af075402e837ddae776362205	3001	assets/cdn.prod.website-files.com/67d97a68478fe87e30c67abe/67e6b9594d6a7c340e45d0d8_zandvoort.svg	https://cdn.prod.website-files.com/67d97a68478fe87e30c67abe/67e6b9594d6a7c340e45d0d8_zandvoort.svg
84563c5c877891fc7a0ee8a898b4da11a0e1e5d6201421885ceab92de80d7101	72688	assets/cdn.prod.website-files.com/67d97a68478fe87e30c67abe/68d83f82c8aac7e6c222e5e0_lando - hover image - italy 2025.webp	https://cdn.prod.website-files.com/67d97a68478fe87e30c67abe/68d83f82c8aac7e6c222e5e0_lando%20-%20hover%20image%20-%20italy%202025.webp
0a8d91e205541e7394e4354043485e1f4c79a6f49ff83ef4dbb8d67457a82eef	12549	assets/cdn.prod.website-files.com/67d97a68478fe87e30c67abe/67e6b974b2efb5487d2628a3_monza.svg	https://cdn.prod.website-files.com/67d97a68478fe87e30c67abe/67e6b974b2efb5487d2628a3_monza.svg
5d5dda26dae7a7d48153763cef2448aac93e894b1228814ea5e28686ce8867fd	50906	assets/cdn.prod.website-files.com/67d97a68478fe87e30c67abe/68d83f8a4d9dd19c081ceb2f_lando - hover image - az 2026.webp	https://cdn.prod.website-files.com/67d97a68478fe87e30c67abe/68d83f8a4d9dd19c081ceb2f_lando%20-%20hover%20image%20-%20az%202026.webp
269fc7539faac6491ea3c323b2fb2c715ea96fb10d612783139ac7e5e88305e1	1013	assets/cdn.prod.website-files.com/67d97a68478fe87e30c67abe/67e6b9cf39713bac176b97a3_baku.svg	https://cdn.prod.website-files.com/67d97a68478fe87e30c67abe/67e6b9cf39713bac176b97a3_baku.svg
3c77a325cbcffef0b88b3c9115b50140a4f1bfb8e7589b4177830c53698a9048	31786	assets/cdn.prod.website-files.com/67d97a68478fe87e30c67abe/69244101e96d281d047a5943_hover-image-singapore.webp	https://cdn.prod.website-files.com/67d97a68478fe87e30c67abe/69244101e96d281d047a5943_hover-image-singapore.webp
069b81c201b828ff3c0584a3681cedb0da9cbefd38514d01b8471dc4b4a246c5	39232	assets/cdn.prod.website-files.com/67d97a68478fe87e30c67abe/692440d6bbd132e68079ea9d_hover-image-austin.webp	https://cdn.prod.website-files.com/67d97a68478fe87e30c67abe/692440d6bbd132e68079ea9d_hover-image-austin.webp
2258116f16c461724f8382fbd4ff04c8045b0f9f8d9759c638002bec3b989e78	1410	assets/cdn.prod.website-files.com/67d97a68478fe87e30c67abe/67e6b93294d7a859a6496c79_austin.svg	https://cdn.prod.website-files.com/67d97a68478fe87e30c67abe/67e6b93294d7a859a6496c79_austin.svg
ba901d8a5bcb824af04f6651d9e7d21fb193d3872d26129eeb531e33c5577bbc	49842	assets/cdn.prod.website-files.com/67d97a68478fe87e30c67abe/692440eb2f0d8293754b9be9_hover-image-mexico.webp	https://cdn.prod.website-files.com/67d97a68478fe87e30c67abe/692440eb2f0d8293754b9be9_hover-image-mexico.webp
0f07491471165b08b0f8edfbc4575b75ca2a72a684d36f702f92e1d74cfe55b0	3567	assets/cdn.prod.website-files.com/67d97a68478fe87e30c67abe/67e6b9686da107b4f822ff72_mexico-city.svg	https://cdn.prod.website-files.com/67d97a68478fe87e30c67abe/67e6b9686da107b4f822ff72_mexico-city.svg
d6e554cf4caf8fe31d1de911f6ce9f23f4331a507535c77f1760d9cc916669a3	31234	assets/cdn.prod.website-files.com/67d97a68478fe87e30c67abe/692441073ef972aaed247f69_hover-image-vegas.webp	https://cdn.prod.website-files.com/67d97a68478fe87e30c67abe/692441073ef972aaed247f69_hover-image-vegas.webp
cdeff944ab0f1c8f6baedab100a300197ec6cb3aa782d6e7008db09a0fd626eb	6808	assets/cdn.prod.website-files.com/67d97a68478fe87e30c67abe/67e6b979ecf40acc10e51bf5_las-vegas.svg	https://cdn.prod.website-files.com/67d97a68478fe87e30c67abe/67e6b979ecf40acc10e51bf5_las-vegas.svg
40d99af87a3933acfd6a4472519ea9328897798356eca44b5e00b5dd9584f961	28526	assets/cdn.prod.website-files.com/67d97a68478fe87e30c67abe/6935b34a71cbaa7d8e9bb1ae_lando - hover image - qatar 2025.webp	https://cdn.prod.website-files.com/67d97a68478fe87e30c67abe/6935b34a71cbaa7d8e9bb1ae_lando%20-%20hover%20image%20-%20qatar%202025.webp
17524ff1dadc6b4da12135a7e5cf95824c26a8b2f31d72ea78d795d35fef738b	2690	assets/cdn.prod.website-files.com/67d97a68478fe87e30c67abe/67e6b99c5cdcfe46836da69e_lusail.svg	https://cdn.prod.website-files.com/67d97a68478fe87e30c67abe/67e6b99c5cdcfe46836da69e_lusail.svg
714e51b274148b0955cc01117956d60b4552fab48f981d591db6f27007559115	382	assets/cdn.prod.website-files.com/67d97a68478fe87e30c67abe/67e6ba2ea2924e3173662010_ln4-flag-France.svg	https://cdn.prod.website-files.com/67d97a68478fe87e30c67abe/67e6ba2ea2924e3173662010_ln4-flag-France.svg
682ece1d7a886d2b96825681b8845a34b8c2bae5385dd22555b793bb1a0fe7f2	91794	assets/cdn.prod.website-files.com/67d97a68478fe87e30c67abe/6935b355c1c55ded9dae73e6_lando - hover image - abu 2026.webp	https://cdn.prod.website-files.com/67d97a68478fe87e30c67abe/6935b355c1c55ded9dae73e6_lando%20-%20hover%20image%20-%20abu%202026.webp
4181dc9cdd7bb828c804dc39a443b7a90c35c2acd03314fb8107ce6160795ff3	52124	assets/cdn.prod.website-files.com/67d97a68478fe87e30c67abe/67e0692bb2b3b51c21aab3f5_ln4-on-track-scroll-img4.webp	https://cdn.prod.website-files.com/67d97a68478fe87e30c67abe/67e0692bb2b3b51c21aab3f5_ln4-on-track-scroll-img4.webp
361ede6ab625c32ec90a1bce6266226f38d8de6eb0d750e7ad5c1661d7e7edec	260722	assets/cdn.prod.website-files.com/67d97a68478fe87e30c67abe/6880beb4ec21efa775b75580_LandoDutchGP24.webp	https://cdn.prod.website-files.com/67d97a68478fe87e30c67abe/6880beb4ec21efa775b75580_LandoDutchGP24.webp
e136878b7976e0c9c5b112eba92685574cedd0c5320c9506c4241159c77a8b4d	2541	assets/cdn.prod.website-files.com/67d97a68478fe87e30c67abe/67e6bc6acc224de525ef7782_ln4-flag-Portugal.png	https://cdn.prod.website-files.com/67d97a68478fe87e30c67abe/67e6bc6acc224de525ef7782_ln4-flag-Portugal.png
0eb1c764e87c92b19cc8192de6e654a388a92481bccc046ea288c748febe9c1e	3189	assets/cdn.prod.website-files.com/67d97a68478fe87e30c67abe/67e6bd5eaed549a2afd74c7a_ln4-flag-Styria-state.png	https://cdn.prod.website-files.com/67d97a68478fe87e30c67abe/67e6bd5eaed549a2afd74c7a_ln4-flag-Styria-state.png
3480e781496c4fdd40916745122f4d30f5f7f9dd099a3a3623b692a785cee408	613	assets/cdn.prod.website-files.com/67d97a68478fe87e30c67abe/67e6ba8d77ecd2e914dac030_ln4-flag-Russia.svg	https://cdn.prod.website-files.com/67d97a68478fe87e30c67abe/67e6ba8d77ecd2e914dac030_ln4-flag-Russia.svg
9a54f9aff4c3aebdb6e8e63f8c150d0733f43e5eeab58306ab6b3887bbee46df	452	assets/cdn.prod.website-files.com/67d97a68478fe87e30c67abe/67e6ba6eb45dca47f14ebea1_ln4-flag-Germany.svg	https://cdn.prod.website-files.com/67d97a68478fe87e30c67abe/67e6ba6eb45dca47f14ebea1_ln4-flag-Germany.svg
84c22b4e780c8480cc9af3d38cb640b8f26a1115775b40c7e185c5770e6c8519	41854	assets/cdn.prod.website-files.com/67d97a68478fe87e30c67abe/67e06942a8c55a4c86785474_ln4-on-track-scroll-img2.webp	https://cdn.prod.website-files.com/67d97a68478fe87e30c67abe/67e06942a8c55a4c86785474_ln4-on-track-scroll-img2.webp
8229d1d6dfcc5db4bfc5fe478250ff4fd197a0b34d265243e85c650921dffe80	1207	assets/cdn.prod.website-files.com/67d97a68478fe87e30c67abe/67e6bacbd3510907fa63fb78_ln4-flag-Turkey.svg	https://cdn.prod.website-files.com/67d97a68478fe87e30c67abe/67e6bacbd3510907fa63fb78_ln4-flag-Turkey.svg
f76f1415dfe4d455984dc8b3387ce03ae18faedd883f5f237eb194198a79cd7f	14920	assets/cdn.iubenda.com/iubenda.js	https://cdn.iubenda.com/iubenda.js
c86c3ef91c1963e05f24be61bab488e012f8998fb2bc3af6d7da7a1c92cc4bb4	94	assets/cdn.prod.website-files.com/67b5a02dc5d338960b17a7e9/68ea48448e634fcc425b0e28_transp.webp	https://cdn.prod.website-files.com/67b5a02dc5d338960b17a7e9/68ea48448e634fcc425b0e28_transp.webp
141f2f1b73207e389ccde11b77094c37b58ef5e8c5b54827572fe8ba510692e4	20694	assets/cdn.prod.website-files.com/67b5a02dc5d338960b17a7e9/67d864ec2ce7efa1414e36a6_ln4-ui-pattern.webp	https://cdn.prod.website-files.com/67b5a02dc5d338960b17a7e9/67d864ec2ce7efa1414e36a6_ln4-ui-pattern.webp
29e02a38804299f651616500e6081190a92ad271312e94a7647002e1130bfefe	23588	assets/cdn.prod.website-files.com/67b5a02dc5d338960b17a7e9/67b6113a220f85ad6497495a_Brier-Bold.woff2	https://cdn.prod.website-files.com/67b5a02dc5d338960b17a7e9/67b6113a220f85ad6497495a_Brier-Bold.woff2
1863b0ae628ebd7d3e5fb1bfbe2f172412400f3bcbcf99be9880c5fec8d30d69	8361	assets/cdn.prod.website-files.com/67b5a02dc5d338960b17a7e9/67dbeb1e708b818bc15a8d17_blobs_nav.svg	https://cdn.prod.website-files.com/67b5a02dc5d338960b17a7e9/67dbeb1e708b818bc15a8d17_blobs_nav.svg
b13dd1d1b6d28093b71e03fcd65478bd54fdfae456569972e4e97f87464cb59f	98344	assets/cdn.prod.website-files.com/67b5a02dc5d338960b17a7e9/67dc366b25025ea1a39995c4_ln4-off-t-hero-img.webp	https://cdn.prod.website-files.com/67b5a02dc5d338960b17a7e9/67dc366b25025ea1a39995c4_ln4-off-t-hero-img.webp
23fb3e4363a68cdfd74ca173a6f9f23417c57d027c3489844d3bf1e32b4e0000	11068	assets/d3e54v103j8qbb.cloudfront.net/img/background-image.svg	https://d3e54v103j8qbb.cloudfront.net/img/background-image.svg
d349e2047a62d149c9ab5ff43bfe3642b8270c9fc8fd1c79858fff63465429c0	5997	assets/cdn.iubenda.com/iubenda_badge.css	https://cdn.iubenda.com/iubenda_badge.css
00f45354c11a12591485977633a0e03952cdf1ff2de403e10ec846db8cc508a9	421	assets/d3e54v103j8qbb.cloudfront.net/img/webflow-badge-icon-d2.89e12c322e.svg	https://d3e54v103j8qbb.cloudfront.net/img/webflow-badge-icon-d2.89e12c322e.svg
3202cb640fada345ab99415bd087f28e6fea1c3009dba51d183cc37bce036cd7	9912	assets/d3e54v103j8qbb.cloudfront.net/img/webflow-badge-text-d2.c82cec3b78.svg	https://d3e54v103j8qbb.cloudfront.net/img/webflow-badge-text-d2.c82cec3b78.svg
3446c86025da5c5f6caa6aea240950e84c886a92987e2b2835b69780d02bca87	11691	assets/cdn.iubenda.com/iubenda_i_badge.js	https://cdn.iubenda.com/iubenda_i_badge.js
b47704effd782b40055c0b5972c78c1dc9af29dd1440617ae628031d0dfb6757	1853	assets/cdn.iubenda.com/iubenda_i_badge.css	https://cdn.iubenda.com/iubenda_i_badge.css
a4c0361a389e1bbc0b82fdc77995433cbc313720218d9a82d4e7bf3ff5a215e0	416	assets/cdn.iubenda.com/icon_gray_mini.png	https://cdn.iubenda.com/icon_gray_mini.png
304edb939beda5e2f3fddab0c71a859ddde3ef12ca89b14530b5025bdcc7c024	595	assets/cdn.iubenda.com/icon_green_mini.png	https://cdn.iubenda.com/icon_green_mini.png
cdf06f0ab62e842d3c85350124d83ae57aa609cfa26ce6dce3abdc89e0cdc87a	569748	assets/unpkg.com/@rive-app/canvas-lite@2.26.6/rive_fallback.wasm	https://unpkg.com/@rive-app/canvas-lite@2.26.6/rive_fallback.wasm
5a27b81bf9f3d6616d74a48e148cc4a3f5ac318d1623fa13be006a582b7e33ef	569473	assets/unpkg.com/@rive-app/canvas-lite@2.26.6/rive.wasm	https://unpkg.com/@rive-app/canvas-lite@2.26.6/rive.wasm
7a4f1350130ae319e399dc80c0c9e09cf7307eafce8c578f2df19cda77581aa4	541448	assets/unpkg.com/@rive-app/canvas-lite@2.26.4/rive_fallback.wasm	https://unpkg.com/@rive-app/canvas-lite@2.26.4/rive_fallback.wasm
a8cff149c1717982f242decd4323cf76e3df9a74da00b5639b132419c5fa1164	541209	assets/unpkg.com/@rive-app/canvas-lite@2.26.4/rive.wasm	https://unpkg.com/@rive-app/canvas-lite@2.26.4/rive.wasm
d09998acc4e7c19841f1e5c814e7d9bf2b8bd7bc7db81be8bd5dc42df528c16f	42222	assets/cdn.prod.website-files.com/67b5a02dc5d338960b17a7e9/68303e09a8ef4882167f5bd6_ln-podium-Australian GP 2025.webp	https://cdn.prod.website-files.com/67b5a02dc5d338960b17a7e9/68303e09a8ef4882167f5bd6_ln-podium-Australian GP 2025.webp
a0c328c42ae3853d05e2225166764822d52d18b0e782913679c8b8d8dd04619a	32540	assets/cdn.prod.website-files.com/67b5a02dc5d338960b17a7e9/68303e09a8ef4882167f5bde_ln-podium-Lando Australia 2025-p-500.webp	https://cdn.prod.website-files.com/67b5a02dc5d338960b17a7e9/68303e09a8ef4882167f5bde_ln-podium-Lando Australia 2025-p-500.webp
3f208c38c0fe32e95e5ee52a210adc2ccbb97e5b4b2dffc945ce3f1b68f70bfc	65806	assets/cdn.prod.website-files.com/67b5a02dc5d338960b17a7e9/68303e09a8ef4882167f5bfd_ln-podium-Abu Dhabi GP 2024.webp	https://cdn.prod.website-files.com/67b5a02dc5d338960b17a7e9/68303e09a8ef4882167f5bfd_ln-podium-Abu Dhabi GP 2024.webp
7c5a263df6ae0baec968f70cdd3e81c73feb1315b7a5e306b06463f097991dee	113030	assets/cdn.prod.website-files.com/67b5a02dc5d338960b17a7e9/68303e09f8dd0a25893e615d_ln-podium-Singapore GP 2024.webp	https://cdn.prod.website-files.com/67b5a02dc5d338960b17a7e9/68303e09f8dd0a25893e615d_ln-podium-Singapore GP 2024.webp
b1805bff4463df0a5c4226c3ebf4a217adfe7fb41285bcafd51d165bcffa7115	167476	assets/cdn.prod.website-files.com/67b5a02dc5d338960b17a7e9/67bc6274c5b4108b123aa4d5_MonaSans-VariableFont_wdth,wght.woff2	https://cdn.prod.website-files.com/67b5a02dc5d338960b17a7e9/67bc6274c5b4108b123aa4d5_MonaSans-VariableFont_wdth,wght.woff2
a9578f269c198b72d2a38b16057ba8875858180bd292c6a07c6e5088a438cbba	149458	assets/cdn.prod.website-files.com/67b5a02dc5d338960b17a7e9/68303e09745f01934455a83e_ln-podium-Emilia Romagna GP 2022.webp	https://cdn.prod.website-files.com/67b5a02dc5d338960b17a7e9/68303e09745f01934455a83e_ln-podium-Emilia Romagna GP 2022.webp
d816fe01a27e8b04b4411ed5cd0d82e8802fdc6d586cfa2c9dbb2908061b9be8	40292	assets/cdn.prod.website-files.com/67b5a02dc5d338960b17a7e9/68303e0938be905268253fd8_ln-podium-Monaco GP 2021.webp	https://cdn.prod.website-files.com/67b5a02dc5d338960b17a7e9/68303e0938be905268253fd8_ln-podium-Monaco GP 2021.webp
2b1cc6c10f20ab407f8ce25dd74a1168ad0d713b6cf7db8c003ddad4806f5d4f	28830	assets/cdn.prod.website-files.com/67b5a02dc5d338960b17a7e9/68da85d632bfefc552a0faac_Britain-25 (1).webp	https://cdn.prod.website-files.com/67b5a02dc5d338960b17a7e9/68da85d632bfefc552a0faac_Britain-25 (1).webp
38b64cc858229b95fbd75ec210a94c247a698b29c8e0f99960ebcc55e95dca47	39562	assets/cdn.prod.website-files.com/67b5a02dc5d338960b17a7e9/68303e096f159710aa69162a_ln-podium-Dutch GP 2024.webp	https://cdn.prod.website-files.com/67b5a02dc5d338960b17a7e9/68303e096f159710aa69162a_ln-podium-Dutch GP 2024.webp
618dfb3ea7c8fdc5536ef06af5450cdcccafd4f2da6eea460a37a544c48b905b	30120	assets/cdn.prod.website-files.com/67b5a02dc5d338960b17a7e9/68303e094f762cdbc5f540d0_ln-podium-United States GP 2023.webp	https://cdn.prod.website-files.com/67b5a02dc5d338960b17a7e9/68303e094f762cdbc5f540d0_ln-podium-United States GP 2023.webp
326835499bbab304c1ba8222a6dcfe7cbb7cc72d4e39457141357ef0c871a0ce	55474	assets/cdn.prod.website-files.com/67b5a02dc5d338960b17a7e9/68303e09a8ef4882167f5bde_ln-podium-Lando Australia 2025-p-800.webp	https://cdn.prod.website-files.com/67b5a02dc5d338960b17a7e9/68303e09a8ef4882167f5bde_ln-podium-Lando Australia 2025-p-800.webp
682d8ff5fb32498af547efbefabf320de92ceb97224e84d5528c12d55c0a89ce	40610	assets/cdn.prod.website-files.com/67b5a02dc5d338960b17a7e9/68303e09b41b74ad758a7f2e_ln-podium-Austrian GP 2020.webp	https://cdn.prod.website-files.com/67b5a02dc5d338960b17a7e9/68303e09b41b74ad758a7f2e_ln-podium-Austrian GP 2020.webp
1da7ad676fb9ce083d6303554ca28d22fea42edf5944b805570128f7a9eebcf1	41192	assets/cdn.prod.website-files.com/67b5a02dc5d338960b17a7e9/68303e09022941a1f11c719c_ln-podium-Miami GP 2024.webp	https://cdn.prod.website-files.com/67b5a02dc5d338960b17a7e9/68303e09022941a1f11c719c_ln-podium-Miami GP 2024.webp
4a400a96a49d830756360268d392fc384abe9d762e2dccb3674eed1490984ee4	56056	assets/cdn.prod.website-files.com/67b5a02dc5d338960b17a7e9/68303e09a8ef4882167f5bde_ln-podium-Lando Australia 2025.webp	https://cdn.prod.website-files.com/67b5a02dc5d338960b17a7e9/68303e09a8ef4882167f5bde_ln-podium-Lando Australia 2025.webp
6647cbb940518d73b0698643fe083d39396d353b95e5191bddddc76727e19526	48300	assets/cdn.prod.website-files.com/67d97a68478fe87e30c67abe/68305a47417d51c0a58c28a6_In-helm-2023-Race 100-hover-p-800.webp	https://cdn.prod.website-files.com/67d97a68478fe87e30c67abe/68305a47417d51c0a58c28a6_In-helm-2023-Race 100-hover-p-800.webp
2116fb5cef0913b3ad72d65d6273e8a323212321d66c7eb37f2160fb4187473b	23616	assets/cdn.prod.website-files.com/67d97a68478fe87e30c67abe/68305a3053985f797745cdfc_In-helm-2023-Las Vegas-hover-p-500.webp	https://cdn.prod.website-files.com/67d97a68478fe87e30c67abe/68305a3053985f797745cdfc_In-helm-2023-Las Vegas-hover-p-500.webp
e9b747d255c190ef14b9c9dac83d4e6c1be80881d6b0d9082e7ff256d0d6e13e	26830	assets/cdn.prod.website-files.com/67d97a68478fe87e30c67abe/683053fb6e004f8218de7f11_In-helm-2023-Beach Ball-hover-p-500.webp	https://cdn.prod.website-files.com/67d97a68478fe87e30c67abe/683053fb6e004f8218de7f11_In-helm-2023-Beach Ball-hover-p-500.webp
c5f7247c1c707e8d1c3ebed9d96bf04b3264cb1a79c5bbddbe0359459134d0f7	48514	assets/cdn.prod.website-files.com/67d97a68478fe87e30c67abe/68305a47417d51c0a58c28a6_In-helm-2023-Race 100-hover.webp	https://cdn.prod.website-files.com/67d97a68478fe87e30c67abe/68305a47417d51c0a58c28a6_In-helm-2023-Race 100-hover.webp
e0f884a6bfed1b5e8b2b7c40714c376114efa413b991713f8276ea6452a24df9	24194	assets/cdn.prod.website-files.com/67d97a68478fe87e30c67abe/68305a459178b78319e05b55_In-helm-2023-Race 100-base-p-500.webp	https://cdn.prod.website-files.com/67d97a68478fe87e30c67abe/68305a459178b78319e05b55_In-helm-2023-Race 100-base-p-500.webp
84563c5c877891fc7a0ee8a898b4da11a0e1e5d6201421885ceab92de80d7101	72688	assets/cdn.prod.website-files.com/67d97a68478fe87e30c67abe/68d83f82c8aac7e6c222e5e0_lando - hover image - italy 2025.webp	https://cdn.prod.website-files.com/67d97a68478fe87e30c67abe/68d83f82c8aac7e6c222e5e0_lando - hover image - italy 2025.webp
06ac0166e20a4227946e85d094dc279898ea4723d42f490908fa43950042f0ad	52932	assets/cdn.prod.website-files.com/67d97a68478fe87e30c67abe/68305a459178b78319e05b55_In-helm-2023-Race 100-base.webp	https://cdn.prod.website-files.com/67d97a68478fe87e30c67abe/68305a459178b78319e05b55_In-helm-2023-Race 100-base.webp
c1223f85be4a793db51fb8edb24089c57f85119703120a0f9acd9d3ec99e92e7	39514	assets/cdn.prod.website-files.com/67d97a68478fe87e30c67abe/68d83f67b05af7e965da7c28_lando - hover image - belg 2025.webp	https://cdn.prod.website-files.com/67d97a68478fe87e30c67abe/68d83f67b05af7e965da7c28_lando - hover image - belg 2025.webp
99f948d478f8a24ecec1cb6a5dbc23119720aec95d59a0252af059663b96576e	36424	assets/cdn.prod.website-files.com/67d97a68478fe87e30c67abe/68305a8e13a9b59a5e99cafe_In-helm-2024-GIF Helmet-hover-p-800.webp	https://cdn.prod.website-files.com/67d97a68478fe87e30c67abe/68305a8e13a9b59a5e99cafe_In-helm-2024-GIF Helmet-hover-p-800.webp
aa036b76152d3c4296eddffa1523d39006c6de7ad015f5e38f2ed4063153e2fd	15466	assets/cdn.prod.website-files.com/67d97a68478fe87e30c67abe/68305a2e3fccf71c6d71e5a8_In-helm-2023-Las Vegas-base-p-500.webp	https://cdn.prod.website-files.com/67d97a68478fe87e30c67abe/68305a2e3fccf71c6d71e5a8_In-helm-2023-Las Vegas-base-p-500.webp
682ece1d7a886d2b96825681b8845a34b8c2bae5385dd22555b793bb1a0fe7f2	91794	assets/cdn.prod.website-files.com/67d97a68478fe87e30c67abe/6935b355c1c55ded9dae73e6_lando - hover image - abu 2026.webp	https://cdn.prod.website-files.com/67d97a68478fe87e30c67abe/6935b355c1c55ded9dae73e6_lando - hover image - abu 2026.webp
f5e71c3ea30a062ec8cedfac006b4487c915c335e732ccb446fc4b8d48e9bd86	18630	assets/cdn.prod.website-files.com/67d97a68478fe87e30c67abe/68305a7d4e96d5f8f44f7803_In-helm-2024-GIF Helmet-base-p-500.webp	https://cdn.prod.website-files.com/67d97a68478fe87e30c67abe/68305a7d4e96d5f8f44f7803_In-helm-2024-GIF Helmet-base-p-500.webp
40d99af87a3933acfd6a4472519ea9328897798356eca44b5e00b5dd9584f961	28526	assets/cdn.prod.website-files.com/67d97a68478fe87e30c67abe/6935b34a71cbaa7d8e9bb1ae_lando - hover image - qatar 2025.webp	https://cdn.prod.website-files.com/67d97a68478fe87e30c67abe/6935b34a71cbaa7d8e9bb1ae_lando - hover image - qatar 2025.webp
4bef1763afcec8881ed107bcc4dce5e7ff2ed9622b553ca81a544605d0049495	40078	assets/cdn.prod.website-files.com/67d97a68478fe87e30c67abe/68305a3053985f797745cdfc_In-helm-2023-Las Vegas-hover-p-800.webp	https://cdn.prod.website-files.com/67d97a68478fe87e30c67abe/68305a3053985f797745cdfc_In-helm-2023-Las Vegas-hover-p-800.webp
db0c70a1633b88e9d2f03ac080e5911bec4a98ba488460ae30218374b1dea174	29232	assets/cdn.prod.website-files.com/67d97a68478fe87e30c67abe/68305a47417d51c0a58c28a6_In-helm-2023-Race 100-hover-p-500.webp	https://cdn.prod.website-files.com/67d97a68478fe87e30c67abe/68305a47417d51c0a58c28a6_In-helm-2023-Race 100-hover-p-500.webp
b424353e638a6244a47f3f9f48bce16689662193ddeb31ff956b4aea8ddf30ce	51138	assets/cdn.prod.website-files.com/67d97a68478fe87e30c67abe/68305a459178b78319e05b55_In-helm-2023-Race 100-base-p-800.webp	https://cdn.prod.website-files.com/67d97a68478fe87e30c67abe/68305a459178b78319e05b55_In-helm-2023-Race 100-base-p-800.webp
ade774c81193180007b4816b72b615c984c9dcc7f51813ac93bfb6c6231aef7b	45672	assets/cdn.prod.website-files.com/67d97a68478fe87e30c67abe/68d83f314814d0df92af7224_lando - hover image - abu 2024.webp	https://cdn.prod.website-files.com/67d97a68478fe87e30c67abe/68d83f314814d0df92af7224_lando - hover image - abu 2024.webp
4e5215ec32fa5978ec26f37eba48b43a408989e7fe73f7af5bd9e94013edaa58	43442	assets/cdn.prod.website-files.com/67d97a68478fe87e30c67abe/683053fb6e004f8218de7f11_In-helm-2023-Beach Ball-hover-p-800.webp	https://cdn.prod.website-files.com/67d97a68478fe87e30c67abe/683053fb6e004f8218de7f11_In-helm-2023-Beach Ball-hover-p-800.webp
36891c0b6ded8ad766bdae6eb3feb23615ccab4fbaac5a7c80996657cc999410	36702	assets/cdn.prod.website-files.com/67d97a68478fe87e30c67abe/68305a8e13a9b59a5e99cafe_In-helm-2024-GIF Helmet-hover.webp	https://cdn.prod.website-files.com/67d97a68478fe87e30c67abe/68305a8e13a9b59a5e99cafe_In-helm-2024-GIF Helmet-hover.webp
af13f0cb6a4900e0ab373c08eacf5090cb93f0ca01e35496af5f9f700189f253	12168	assets/cdn.prod.website-files.com/67d97a68478fe87e30c67abe/683053f61b468e794507c0a7_In-helm-2023-Beach Ball-base-p-500.webp	https://cdn.prod.website-files.com/67d97a68478fe87e30c67abe/683053f61b468e794507c0a7_In-helm-2023-Beach Ball-base-p-500.webp
c6a9b118f4a062af20370cff716f84a9820dec724c6328069d4df77a9f5c9404	23072	assets/cdn.prod.website-files.com/67d97a68478fe87e30c67abe/68305a8e13a9b59a5e99cafe_In-helm-2024-GIF Helmet-hover-p-500.webp	https://cdn.prod.website-files.com/67d97a68478fe87e30c67abe/68305a8e13a9b59a5e99cafe_In-helm-2024-GIF Helmet-hover-p-500.webp
64ca29add7db2cc7e68a9681a89eb9db63fb7516e0d65112640e769947210156	40564	assets/cdn.prod.website-files.com/67d97a68478fe87e30c67abe/68d83f71b6033920cd059509_lando - hover image - hungary 2025.webp	https://cdn.prod.website-files.com/67d97a68478fe87e30c67abe/68d83f71b6033920cd059509_lando - hover image - hungary 2025.webp
c1f03ef48e52ab00ba939c85a5ffaa7862e504b47fef053bb363dde508255d42	58584	assets/cdn.prod.website-files.com/67d97a68478fe87e30c67abe/68d83f4611793e72dd5d3c0b_lando - hover image - miami 2024.webp	https://cdn.prod.website-files.com/67d97a68478fe87e30c67abe/68d83f4611793e72dd5d3c0b_lando - hover image - miami 2024.webp
bfdcf073f529767fc8e641b7d10460d3fe8bb221062a2ede2df5a23921280321	35532	assets/cdn.prod.website-files.com/67d97a68478fe87e30c67abe/68305a7d4e96d5f8f44f7803_In-helm-2024-GIF Helmet-base.webp	https://cdn.prod.website-files.com/67d97a68478fe87e30c67abe/68305a7d4e96d5f8f44f7803_In-helm-2024-GIF Helmet-base.webp
ecabfa12844b2135b81a2824c5a4da815643f948d073a1e62b4cd3062449debd	23182	assets/cdn.prod.website-files.com/67d97a68478fe87e30c67abe/683053f61b468e794507c0a7_In-helm-2023-Beach Ball-base.webp	https://cdn.prod.website-files.com/67d97a68478fe87e30c67abe/683053f61b468e794507c0a7_In-helm-2023-Beach Ball-base.webp
a7a7fb40f494df27d2884a2a8afdde9c4d3fad151d6bf39288a2eedd3461fa12	31998	assets/cdn.prod.website-files.com/67d97a68478fe87e30c67abe/68305a2e3fccf71c6d71e5a8_In-helm-2023-Las Vegas-base.webp	https://cdn.prod.website-files.com/67d97a68478fe87e30c67abe/68305a2e3fccf71c6d71e5a8_In-helm-2023-Las Vegas-base.webp
c351fc7a090f569cfb2537faf8fd14c8c49244ba36088c14ae8892e34f9b5115	44992	assets/cdn.prod.website-files.com/67d97a68478fe87e30c67abe/683053fb6e004f8218de7f11_In-helm-2023-Beach Ball-hover.webp	https://cdn.prod.website-files.com/67d97a68478fe87e30c67abe/683053fb6e004f8218de7f11_In-helm-2023-Beach Ball-hover.webp
3397e71921fbe2f80941681cc64b0a47c4d125f0dce394d7800e69214c9c2f53	35156	assets/cdn.prod.website-files.com/67d97a68478fe87e30c67abe/68305a7d4e96d5f8f44f7803_In-helm-2024-GIF Helmet-base-p-800.webp	https://cdn.prod.website-files.com/67d97a68478fe87e30c67abe/68305a7d4e96d5f8f44f7803_In-helm-2024-GIF Helmet-base-p-800.webp
5d5dda26dae7a7d48153763cef2448aac93e894b1228814ea5e28686ce8867fd	50906	assets/cdn.prod.website-files.com/67d97a68478fe87e30c67abe/68d83f8a4d9dd19c081ceb2f_lando - hover image - az 2026.webp	https://cdn.prod.website-files.com/67d97a68478fe87e30c67abe/68d83f8a4d9dd19c081ceb2f_lando - hover image - az 2026.webp
ad05fe6eca67a0e6beb4092469cdf65ebeae371797a69e70261e494e6727e9d0	41198	assets/cdn.prod.website-files.com/67d97a68478fe87e30c67abe/68305a3053985f797745cdfc_In-helm-2023-Las Vegas-hover.webp	https://cdn.prod.website-files.com/67d97a68478fe87e30c67abe/68305a3053985f797745cdfc_In-helm-2023-Las Vegas-hover.webp
f42736f60fb2ae9d0209820d49449a2dc6f48163587364cab52b225a9c3cac42	31562	assets/cdn.prod.website-files.com/67d97a68478fe87e30c67abe/68305a2e3fccf71c6d71e5a8_In-helm-2023-Las Vegas-base-p-800.webp	https://cdn.prod.website-files.com/67d97a68478fe87e30c67abe/68305a2e3fccf71c6d71e5a8_In-helm-2023-Las Vegas-base-p-800.webp
86896e210eb90d6eeeb2299c1d594e4950380a523f0b854e84e48d0b6a57e7d7	68650	assets/lando.itsoffbrand.io/rive/phrases.riv	https://lando.itsoffbrand.io/rive/phrases.riv
4998e766d1bc6957b5878c1dcc313d599d1fe077afbc84a291b11c6a6bde0c56	72667	assets/lando.itsoffbrand.io/rive/reef.riv	https://lando.itsoffbrand.io/rive/reef.riv
3ea92e910e784e81819daccdc2ab4194b3f4d08f22e4d2cad66d4bc13c180055	4144	assets/lando.itsoffbrand.io/rive/btn-ui.riv	https://lando.itsoffbrand.io/rive/btn-ui.riv
be0aca3e661f2631d78493567ba360361ab30dddf5c8940d5e37ee4be79924e5	5508	assets/lando.itsoffbrand.io/rive/page-transition.riv	https://lando.itsoffbrand.io/rive/page-transition.riv
37a7cb898b20ba538eac24a67552de84463fe4c5ac52502cf92439da9a8db4ea	30851	assets/lando.itsoffbrand.io/rive/signature.riv	https://lando.itsoffbrand.io/rive/signature.riv
6dc9b2e9b928ce6a4956c8cd10cce05fb30b04ee292c48d22200b4f8e20bb73d	3770	assets/lando.itsoffbrand.io/rive/ln4.riv	https://lando.itsoffbrand.io/rive/ln4.riv
8813d247fd21dcf4b69040ffea7b5f4420e93867ed33b4262fa041f6475a2392	52818	assets/lando.itsoffbrand.io/rive/mob-landscape.riv	https://lando.itsoffbrand.io/rive/mob-landscape.riv
3a4b487c232b1c27c148481adbb11705741a8c58e25352783cbbf0cb4f14e461	36636	assets/lando.itsoffbrand.io/rive/circuits.riv	https://lando.itsoffbrand.io/rive/circuits.riv
1e27cdeddab59943acb0fa02f25389ba26d98b5cdd7d440f978063672fd1d014	392675	assets/lando.itsoffbrand.io/gl/hdri/studio_small_08_1k--dark.hdr	https://lando.itsoffbrand.io/gl/hdri/studio_small_08_1k--dark.hdr
fbf3d36f26ff7d5e41397c7abb8add17b45e93c333176d1141b1d21e0d15a345	175712	assets/lando.itsoffbrand.io/gl/hdri/studio_small_08_1k--faded.hdr	https://lando.itsoffbrand.io/gl/hdri/studio_small_08_1k--faded.hdr
7d1ca2300066e820d3aff8693abe6f8a3d2d509b06d7ad1cbd3c49b37c97ba66	386788	assets/lando.itsoffbrand.io/gl/hdri/studio_small_08_1k--light.hdr	https://lando.itsoffbrand.io/gl/hdri/studio_small_08_1k--light.hdr
e552f799a1aaf3ce22feac6e767b3994f75fea8fc1bfe7bc6ad79cb50ff10e10	64804	assets/lando.itsoffbrand.io/gl/textures/helmet/webp/Norris_Helmet_mat_Normal.webp	https://lando.itsoffbrand.io/gl/textures/helmet/webp/Norris_Helmet_mat_Normal.webp
caee75c1eb255a93dc472ca46294423c5a66fdd509ad91b3fbca5c0d8b61abb0	64602	assets/lando.itsoffbrand.io/gl/textures/helmet/webp/disco/disco_matcap-01.webp	https://lando.itsoffbrand.io/gl/textures/helmet/webp/disco/disco_matcap-01.webp
066be7f6a4fbf888dbe66299da3450767860df3a422ad93e9b69ca8126f1dccc	100940	assets/lando.itsoffbrand.io/gl/textures/helmet/webp/disco/disco_lens-flare-15.webp	https://lando.itsoffbrand.io/gl/textures/helmet/webp/disco/disco_lens-flare-15.webp
be5081596e7fb4c0a93b522703e1be8ecc91a177d517eab864c603cdea629a6c	5790	assets/lando.itsoffbrand.io/gl/textures/not-found/webp/not-found-alpha-6.webp	https://lando.itsoffbrand.io/gl/textures/not-found/webp/not-found-alpha-6.webp
51da258300297ffdad7f965b917f3b24de5048fa5dcd8bc85c5e5d76cf20457b	54010	assets/lando.itsoffbrand.io/gl/textures/tracks/lando__matcap-02.webp	https://lando.itsoffbrand.io/gl/textures/tracks/lando__matcap-02.webp
9d496062bb17fddcf779aaeeecd33f40d85ffe1da94513719191b7447f0b7b72	150168	assets/lando.itsoffbrand.io/gl/textures/head/webp/normal.webp	https://lando.itsoffbrand.io/gl/textures/head/webp/normal.webp
74951d6b56f6a058766e7e2dbfe55b3901f0160ef89291cf5ae755c60bf69683	8320	assets/lando.itsoffbrand.io/gl/textures/glass/webp/Norris_Glass_mat_Normal.webp	https://lando.itsoffbrand.io/gl/textures/glass/webp/Norris_Glass_mat_Normal.webp
52f6706ecfb2741552731146cfabec9babe3842a7dfea87d71ffac955ed555ef	84350	assets/lando.itsoffbrand.io/gl/textures/noise/noise-03.webp	https://lando.itsoffbrand.io/gl/textures/noise/noise-03.webp
aa5b808fbd173d9fc2e28e2d55fa56c164679e8c27d514dd6a20bcd6db154e86	65794	assets/lando.itsoffbrand.io/gl/textures/plastic/plastic__matcap-02.webp	https://lando.itsoffbrand.io/gl/textures/plastic/plastic__matcap-02.webp
6fb1665522b2dc642bc318e9c7e010410eec2be5f660e3cb7ab3446ddaf6776f	358984	assets/lando.itsoffbrand.io/gl/models/disco-02.glb	https://lando.itsoffbrand.io/gl/models/disco-02.glb
70839b47bc6dd5d77840140312d1f44f1ea712021681d54677c20a507ad7b95b	29664	assets/lando.itsoffbrand.io/gl/models/sotd.glb	https://lando.itsoffbrand.io/gl/models/sotd.glb
8fc3256441224a3c5189dec5aa904b4bd5a0843e1efb038b14e00acaa1ef15ba	463920	assets/lando.itsoffbrand.io/gl/models/tracks/tracks-05.glb	https://lando.itsoffbrand.io/gl/models/tracks/tracks-05.glb
b18a32362bc59433059cc184b25454fe9014e28a9f902229c22ed2293824be47	139492	assets/lando.itsoffbrand.io/gl/models/helmet-21.glb	https://lando.itsoffbrand.io/gl/models/helmet-21.glb
30e4d486fa020737af10e3c56197693e5b904bdc05b8bfa5d7b06751dec6da04	719410	assets/lando.itsoffbrand.io/gl/draco/draco_decoder.js	https://lando.itsoffbrand.io/gl/draco/draco_decoder.js
c55a594e8ffd18426d36b27fea9618af3df5e173640a3e56d46f09d76f0574f2	285747	assets/lando.itsoffbrand.io/gl/draco/draco_decoder.wasm	https://lando.itsoffbrand.io/gl/draco/draco_decoder.wasm
e8049906ef3f8f75d3456c22a3f31bfdfe5b5b5bd09ccdec613b9e9a49d554d8	58763	assets/lando.itsoffbrand.io/gl/draco/draco_wasm_wrapper.js	https://lando.itsoffbrand.io/gl/draco/draco_wasm_wrapper.js
7d3c5880d2066d86c19a30e1882b8b930308ec1e4c80ddee2f68fb5c968d9320	24838	assets/lando.itsoffbrand.io/gl/fonts/MonaSans-Bold-02.webp	https://lando.itsoffbrand.io/gl/fonts/MonaSans-Bold-02.webp
2b1aa7261e9b336c7dd6546bc67f7f07cfb99dac63692925de4700dfbc4df125	89744	assets/lando.itsoffbrand.io/gl/fonts/Brier-Bold-msdf.json	https://lando.itsoffbrand.io/gl/fonts/Brier-Bold-msdf.json
78dfe3a7fe6137379b52d3c0e6bb331f84d51e7b05d4e14bcfd6164f5143b352	5164	assets/lando.itsoffbrand.io/gl/fonts/MonaSans-Bold-msdf.json	https://lando.itsoffbrand.io/gl/fonts/MonaSans-Bold-msdf.json
315c7787a3bda3e8aa66c6486879101e67fa3aead0fbead2b2f98e684c7b9c03	116588	assets/lando.itsoffbrand.io/gl/fonts/Brier-Bold-02.webp	https://lando.itsoffbrand.io/gl/fonts/Brier-Bold-02.webp
6cf17dc889352c42e9acf8897107978d127005fe3386c36a0e3845e27967630a	527333	assets/lando.itsoffbrand.io/gl/basis/basis_transcoder.wasm	https://lando.itsoffbrand.io/gl/basis/basis_transcoder.wasm
8478b5b6d6b74e7d3082b89f6417321d8d1dc0307f2b30d4484bb11b441696a1	57529	assets/lando.itsoffbrand.io/gl/basis/basis_transcoder.js	https://lando.itsoffbrand.io/gl/basis/basis_transcoder.js
be0aca3e661f2631d78493567ba360361ab30dddf5c8940d5e37ee4be79924e5	5508	assets/assets.itsoffbrand.io/lando/rive/page-transition.riv	https://assets.itsoffbrand.io/lando/rive/page-transition.riv
55f7d9e99b8e2d4e0e193b2f0275501e6d9c1ebd29cadbea6a0da48a8587e3e0	146	assets/cdn.iubenda.com/images/site/icons/owner.png	https://cdn.iubenda.com/images/site/icons/owner.png
75b79b9550900efb9e07c096fdcf3385c37ffa7a25cbe33ee6055b23969ccf69	177136	assets/lando.itsoffbrand.io/gl/textures/helmet/webp/disco/Norris_Helmet_mat_BaseColor.webp	https://lando.itsoffbrand.io/gl/textures/helmet/webp/disco/Norris_Helmet_mat_BaseColor.webp
669d07a36ecb0dbe2ac0ebf73a43fceb6f83b2cda898e3a6b2e232ddda824973	74998	assets/lando.itsoffbrand.io/gl/textures/helmet/webp/disco/disco_mask-01.webp	https://lando.itsoffbrand.io/gl/textures/helmet/webp/disco/disco_mask-01.webp
6435f7f1b9f78234c0c3a2e2ce34e1afcf033671977871043bfd737902f7e624	321508	assets/lando.itsoffbrand.io/gl/textures/helmet/webp/gold/Norris_Helmet_mat_BaseColor.webp	https://lando.itsoffbrand.io/gl/textures/helmet/webp/gold/Norris_Helmet_mat_BaseColor.webp
ae289e11044f851c041e65e59e6e63778135fcd4c1e381c638a517c0b39e29e1	25482	assets/lando.itsoffbrand.io/gl/textures/helmet/webp/Norris_Helmet_mat_Roughness.webp	https://lando.itsoffbrand.io/gl/textures/helmet/webp/Norris_Helmet_mat_Roughness.webp
710753f445d423154535b1c6d57842a232e35aa3d3da1d237f8d1c8c681cb629	20486	assets/lando.itsoffbrand.io/gl/textures/helmet/webp/Norris_Helmet_mat_Metallic.webp	https://lando.itsoffbrand.io/gl/textures/helmet/webp/Norris_Helmet_mat_Metallic.webp
7f581b4299a48b13bfa924c6dc1a92c825a0c72391a2da8737823a02e965ec4b	364243	assets/lando.itsoffbrand.io/gl/textures/helmet/ktx2/Norris_Helmet_mat_Roughness.ktx2	https://lando.itsoffbrand.io/gl/textures/helmet/ktx2/Norris_Helmet_mat_Roughness.ktx2
d7bc79d58c5e4e0500c572b193c301cb6a62eb8824141c3d9bdfc6baf87ba5a3	66610	assets/lando.itsoffbrand.io/gl/textures/helmet/ktx2/Norris_Helmet_mat_Metallic.ktx2	https://lando.itsoffbrand.io/gl/textures/helmet/ktx2/Norris_Helmet_mat_Metallic.ktx2
760191ddeb61f76d7c44b50e58cbec2e9a0e3d11d16b99617c68695728e1eab8	470727	assets/lando.itsoffbrand.io/gl/textures/helmet/ktx2/disco/disco_mask-01.ktx2	https://lando.itsoffbrand.io/gl/textures/helmet/ktx2/disco/disco_mask-01.ktx2
2fbbbc30f194c153de025f65a2debf3a5256f20748bd15050d7645f657f5164c	96371	assets/lando.itsoffbrand.io/gl/textures/helmet/ktx2/disco/Norris_Helmet_mat_BaseColor.ktx2	https://lando.itsoffbrand.io/gl/textures/helmet/ktx2/disco/Norris_Helmet_mat_BaseColor.ktx2
ff78a1d8edef644a0ed24c9bdc49e7ad757ee19e933dbb736cc3d715a5c8a025	284653	assets/lando.itsoffbrand.io/gl/textures/helmet/ktx2/gold/Norris_Helmet_mat_BaseColor.ktx2	https://lando.itsoffbrand.io/gl/textures/helmet/ktx2/gold/Norris_Helmet_mat_BaseColor.ktx2
3c8bd97d6956702fd038870046927a0fc9d7af4528d9a3f18ca76864e10b4a58	283478	assets/lando.itsoffbrand.io/gl/textures/head/webp/shadow.webp	https://lando.itsoffbrand.io/gl/textures/head/webp/shadow.webp
2a523e14c1f99642cbe9f7587e0eb01cb61f5060605ef22c8ae34f21eec55068	3708	assets/lando.itsoffbrand.io/gl/textures/head/webp/depth.webp	https://lando.itsoffbrand.io/gl/textures/head/webp/depth.webp
093addbe941d4a472e8ffadb76935a6292f4901fc60ab5da83f67ccabffdc714	38874	assets/lando.itsoffbrand.io/gl/textures/head/webp/alpha.webp	https://lando.itsoffbrand.io/gl/textures/head/webp/alpha.webp
bf70585200a8c951381aec34f0d8f636646e5bdef74786994f0d1c872d695928	292106	assets/lando.itsoffbrand.io/gl/textures/head/webp/diffuse.webp	https://lando.itsoffbrand.io/gl/textures/head/webp/diffuse.webp
569b77abda492ff0a8f40cb54871d0aea0e86345d07af3d5e5d53507d427a32a	285764	assets/lando.itsoffbrand.io/gl/textures/head/webp/shadow-softer-edit.webp	https://lando.itsoffbrand.io/gl/textures/head/webp/shadow-softer-edit.webp
2c90e020dde81ac825c17897b938f52685c902d55745c73a36f62462fbd9e813	125378	assets/lando.itsoffbrand.io/gl/textures/head/webp/roughness.webp	https://lando.itsoffbrand.io/gl/textures/head/webp/roughness.webp
345464b61c92adedb5602914fa10fb3b51edddc26f0bcf5fd38ca676bc4e0583	266780	assets/lando.itsoffbrand.io/gl/textures/head/webp/shadow-to-zip-edit.webp	https://lando.itsoffbrand.io/gl/textures/head/webp/shadow-to-zip-edit.webp
d88724e50bb373d5b3e2b1d381a7ec71cdd52bacc088eef65048066a846517e1	224594	assets/lando.itsoffbrand.io/gl/textures/head/ktx2/roughness.ktx2	https://lando.itsoffbrand.io/gl/textures/head/ktx2/roughness.ktx2
e99bbc33977ab3e144959108e5ac8d88dee6ac46a514fd8b39e9ada404def9de	321721	assets/lando.itsoffbrand.io/gl/textures/head/ktx2/shadow-softer-edit.ktx2	https://lando.itsoffbrand.io/gl/textures/head/ktx2/shadow-softer-edit.ktx2
9d40ba05704a8959b3e7b255a2d3a53a5db07062bd59ec4119b88e078a48cd9f	316808	assets/lando.itsoffbrand.io/gl/textures/head/ktx2/shadow-to-zip-edit.ktx2	https://lando.itsoffbrand.io/gl/textures/head/ktx2/shadow-to-zip-edit.ktx2
8cfcb6186a1f961054434a70d4f697d5a52ce180c7ca423e1110c33c1dee8727	319542	assets/lando.itsoffbrand.io/gl/textures/head/ktx2/shadow.ktx2	https://lando.itsoffbrand.io/gl/textures/head/ktx2/shadow.ktx2
206a408f9b49b5dc109608fab8311dc5e0b384341c9c625ead652cef5f4211d7	172037	assets/lando.itsoffbrand.io/gl/textures/head/ktx2/alpha.ktx2	https://lando.itsoffbrand.io/gl/textures/head/ktx2/alpha.ktx2
9f4ed4eacfd30e9bc38cfc867934ac7657a1b2535393ea1c1f74fb9025625ca7	66599	assets/lando.itsoffbrand.io/gl/textures/head/ktx2/depth.ktx2	https://lando.itsoffbrand.io/gl/textures/head/ktx2/depth.ktx2
2b89ba9f6e8f1e9d9d353e3c31a1cffbf9e71a04eae865445c9b8a89084c87cd	334987	assets/lando.itsoffbrand.io/gl/textures/head/ktx2/diffuse.ktx2	https://lando.itsoffbrand.io/gl/textures/head/ktx2/diffuse.ktx2
63f05cb10d8744b95f2f8aae20e888d5d909c0cf7c84882587fabd6509f117d6	14748	assets/lando.itsoffbrand.io/gl/textures/glass/webp/Norris_Glass_mat_Metallic.webp	https://lando.itsoffbrand.io/gl/textures/glass/webp/Norris_Glass_mat_Metallic.webp
1196d72d0a3b8e57fa64ef472b1fa0907b303fb8dce46cab887bfc7d074387bf	21898	assets/lando.itsoffbrand.io/gl/textures/glass/webp/Norris_Glass_mat_Roughness.webp	https://lando.itsoffbrand.io/gl/textures/glass/webp/Norris_Glass_mat_Roughness.webp
f5352e5aaaa8d801c04fb4ff5d073119feca446b0e70ee71bb15712fb052b9c4	44358	assets/lando.itsoffbrand.io/gl/textures/glass/webp/Norris_Glass_mat_BaseColor.webp	https://lando.itsoffbrand.io/gl/textures/glass/webp/Norris_Glass_mat_BaseColor.webp
854fce3a654f9b1656b39911266022983a87fcf3b01a5d04dba07773b4899458	90920	assets/lando.itsoffbrand.io/gl/textures/glass/ktx2/Norris_Glass_mat_BaseColor.ktx2	https://lando.itsoffbrand.io/gl/textures/glass/ktx2/Norris_Glass_mat_BaseColor.ktx2
0f0f63a34366ad398d20cabf8efcbd8ba67a2e0235c2f468417768b67fd01119	217570	assets/lando.itsoffbrand.io/gl/textures/glass/ktx2/Norris_Glass_mat_Roughness.ktx2	https://lando.itsoffbrand.io/gl/textures/glass/ktx2/Norris_Glass_mat_Roughness.ktx2
279fbd41bd284fcdad41409fca738a931b385c7137bea89b57a820a17085d8da	39065	assets/lando.itsoffbrand.io/gl/textures/glass/ktx2/Norris_Glass_mat_Metallic.ktx2	https://lando.itsoffbrand.io/gl/textures/glass/ktx2/Norris_Glass_mat_Metallic.ktx2
86896e210eb90d6eeeb2299c1d594e4950380a523f0b854e84e48d0b6a57e7d7	68650	assets/assets.itsoffbrand.io/lando/rive/phrases.riv	https://assets.itsoffbrand.io/lando/rive/phrases.riv
4998e766d1bc6957b5878c1dcc313d599d1fe077afbc84a291b11c6a6bde0c56	72667	assets/assets.itsoffbrand.io/lando/rive/reef.riv	https://assets.itsoffbrand.io/lando/rive/reef.riv
3ea92e910e784e81819daccdc2ab4194b3f4d08f22e4d2cad66d4bc13c180055	4144	assets/assets.itsoffbrand.io/lando/rive/btn-ui.riv	https://assets.itsoffbrand.io/lando/rive/btn-ui.riv
37a7cb898b20ba538eac24a67552de84463fe4c5ac52502cf92439da9a8db4ea	30851	assets/assets.itsoffbrand.io/lando/rive/signature.riv	https://assets.itsoffbrand.io/lando/rive/signature.riv
6dc9b2e9b928ce6a4956c8cd10cce05fb30b04ee292c48d22200b4f8e20bb73d	3770	assets/assets.itsoffbrand.io/lando/rive/ln4.riv	https://assets.itsoffbrand.io/lando/rive/ln4.riv
8813d247fd21dcf4b69040ffea7b5f4420e93867ed33b4262fa041f6475a2392	52818	assets/assets.itsoffbrand.io/lando/rive/mob-landscape.riv	https://assets.itsoffbrand.io/lando/rive/mob-landscape.riv
3a4b487c232b1c27c148481adbb11705741a8c58e25352783cbbf0cb4f14e461	36636	assets/assets.itsoffbrand.io/lando/rive/circuits.riv	https://assets.itsoffbrand.io/lando/rive/circuits.riv
